image_id,relative_path,class_name,label,content_hash
Birman_1,images/Birman_1.jpg,Birman,3,240f04de973f0842b6beda0956bd4bd0a057aed458d192861309b917b75d8319
Birman_100,images/Birman_100.jpg,Birman,3,254c2b71ede91a9de5bd13d56cd00d64d71a7cf3bd92cb3e7f63da6fe010d994
Birman_101,images/Birman_101.jpg,Birman,3,024ffc3d079bbc0c4bd47af86605671cce0e8ce38f22c72e7f2d4a0090ddd7ea
Birman_102,images/Birman_102.jpg,Birman,3,fa4283b1e9f571b53372c4a84359173c37cce48ee92cefed39231540e6202b23
Birman_104,images/Birman_104.jpg,Birman,3,d8af309768146fbfed3cf1c2c0d2254c8768deabeee9d16a8aad6265683e0d79
Birman_106,images/Birman_106.jpg,Birman,3,097c40d59e45cd914eb237ec61371fdeee8361c3026fc5ebc435738b1280e8fd
Birman_107,images/Birman_107.jpg,Birman,3,fb77f878876d0d3cc52198f6ea40adc00738d972ce198ee8453fb53167cbe45a
Birman_109,images/Birman_109.jpg,Birman,3,85b57f084d0004e781f49998a1975d58447ab922cdd124482ef4baff6a97e6aa
Birman_11,images/Birman_11.jpg,Birman,3,43bf5ceaa56684aad2316c85a72c4ab0036224e103479db0d3f289c402641ea0
Birman_110,images/Birman_110.jpg,Birman,3,feda09608080fbe9314e0c9debda88d8c731a53be34f6c5548ec24fc57d06541
Birman_111,images/Birman_111.jpg,Birman,3,dae3aa659d9dd9d844cc62b8f3b94ff4ad7ea5da24b6fd014637156c72cb60c3
Birman_113,images/Birman_113.jpg,Birman,3,20ab9857ca2c937118ca2ea2545b8ba8b4cdf9b44a729e0a09721c292c57adf8
Birman_115,images/Birman_115.jpg,Birman,3,80486c2fd060ad9f12ea4f850a97b8d0a202504ca073456653d7df873580ab17
Birman_118,images/Birman_118.jpg,Birman,3,eefe1e59041f873979e63c3bfb5d49c2a8f2bdfa4546cf349a7e62f1754227c0
Birman_119,images/Birman_119.jpg,Birman,3,55ad54d7504e2829f6c5975dbe975e8fa44d2b97c8cce54d749a0b64daa443f6
Birman_12,images/Birman_12.jpg,Birman,3,9c426cd1df8b6c6add72c3dae7ee0b63a1548b5936bf7d19652461acf44b7145
Birman_120,images/Birman_120.jpg,Birman,3,2afb0b9a2f285e2255427faeea453ba2b9f0658585cd23fca64448518d0af28e
Birman_121,images/Birman_121.jpg,Birman,3,ce273dfa6bea643c66ba7cd6d104bea1ad5e2d035da25c2236fe7e9fcaede62a
Birman_122,images/Birman_122.jpg,Birman,3,84078d63ae2e39869bbf4535bd84ba8f3615541b3a20e94b2ea06a76217c8860
Birman_123,images/Birman_123.jpg,Birman,3,902854bb65d1bb32b47a2aa94d2db579b999ac7dba88e89b50d29d68377730d2
Birman_124,images/Birman_124.jpg,Birman,3,544180b37ee5702dc8cb9d28043e86e76b3eb203eb99c2e66108fb1abba0eba4
Birman_125,images/Birman_125.jpg,Birman,3,01622bde6a8b0793a4617383a4eaffc4ca2dca7855946a2911b1bee73657c0ea
Birman_126,images/Birman_126.jpg,Birman,3,28aac219a18a641fbc8c3a6d22856cc13903da570416fba8eddbe0fc2f277767
Birman_127,images/Birman_127.jpg,Birman,3,e6cfc87a1c705b028b730b919a475ed0eb9c030e14b7f0ee3d1d48c2624f8aaa
Birman_128,images/Birman_128.jpg,Birman,3,705f838d79075d37f1e4b2d82da3e01f0abbae7cbacdd9d64033b88ba56971e2
Birman_129,images/Birman_129.jpg,Birman,3,c8ae64a60f49f96db9981bf6579cfa8305ca8622011bc34082c708fa95ac5ef8
Birman_13,images/Birman_13.jpg,Birman,3,3f80942c43722afae175c1425d0485296a51e4cdf56ba448713ffd1e30aa965e
Birman_130,images/Birman_130.jpg,Birman,3,3cad48f5706e918fd76196a25df3f200cdfece932ab51135ddbf3e0097fc43ef
Birman_131,images/Birman_131.jpg,Birman,3,fdc48fffc19a0eeaac2d7da6c4af817b19209ba7d5bb052369f7aac4bfff040d
Birman_132,images/Birman_132.jpg,Birman,3,8400cf85f9c580afa46bdfa8e8ab28da90bf4dda6c780a398ddab0d3305510c6
Birman_135,images/Birman_135.jpg,Birman,3,071883498e1f29afbd691ac91969d1022a1fa60a5c8a9fd72eb01b6327be8421
Birman_136,images/Birman_136.jpg,Birman,3,e9649981f3062e31a5a781bfcd1946e4743aa78489a7e2728a3996995e29a197
Birman_137,images/Birman_137.jpg,Birman,3,52fe35cbaacc8002b802e772a76e3cd97bcf4ce4f239b4d55eba5f1dd4739543
Birman_138,images/Birman_138.jpg,Birman,3,f1b5d78b7988fd806c532bde521c8dd55f0f7861c89bec3d606757da40cff6eb
Birman_139,images/Birman_139.jpg,Birman,3,b1ed19e4b97ecb4795db720684d2744f0b00ffa79eed94db64e5532923cf6992
Birman_14,images/Birman_14.jpg,Birman,3,6e33157f2f5ce4b4e76b64c97d34e3da8db1eecd6f155b617ca6a36270434b66
Birman_140,images/Birman_140.jpg,Birman,3,613fdc97636e62f0385dcd8e4627a9b6af54a53617ad722dafc0c92f466ba400
Birman_141,images/Birman_141.jpg,Birman,3,df5500a6fbc4de61b96fbee9e3619b768ff8c5b94b28d2682b7d503ac5e61cc8
Birman_142,images/Birman_142.jpg,Birman,3,97273c3b0092b07e9b1daa0ebd381f70c29e80c8763b1891338cc634baffc911
Birman_143,images/Birman_143.jpg,Birman,3,b73403f15f10ba4fccac1c1f8a7576dc32535d35254ecefa0753799331331413
Birman_145,images/Birman_145.jpg,Birman,3,7290786c7882df16b490b1b0329dd85ffda7a1fe018e008d3f810958d31daa62
Birman_147,images/Birman_147.jpg,Birman,3,928dbe96a4405178bce83294c9d9bdef409457925221e69d2cf569c26ec74896
Birman_149,images/Birman_149.jpg,Birman,3,f1e5dae0498864283db1ef48854ad21897e44cceb05316c18ebe3a7f0b8e8ec7
Birman_150,images/Birman_150.jpg,Birman,3,382b327de5939d3be0133668966bd097a5affd11f9d38ce352523f7a7a38ce0c
Birman_151,images/Birman_151.jpg,Birman,3,f935855a9a4100572a3b6b16a2e23f24fadfaf57b9a6fad1bfe90c201b733ead
Birman_153,images/Birman_153.jpg,Birman,3,28741e6bbcc44f5b33e069f3deba532af3c5f6652dbe099fac9de7f70fd9e052
Birman_155,images/Birman_155.jpg,Birman,3,305f3641b1e047fc0716c260a2e54c25f8b0ebcc8a463831a84bd3a51a1e8c60
Birman_157,images/Birman_157.jpg,Birman,3,861d55e620bb52215bf4bee6ee970340d9e3b65939216f40f39e3111184c7d1d
Birman_158,images/Birman_158.jpg,Birman,3,c44708d876769cb24c922238673e680e77f3d4f25fddc63fa44f29e940eb631f
Birman_159,images/Birman_159.jpg,Birman,3,471a5940cd6e19046b42e8099e7b774d872bbbb1ecc108725ad1fb22ec796b5c
Birman_16,images/Birman_16.jpg,Birman,3,d2ee2e4d36208e5bc0286286977e80e6141db313f84210e7ce3bb82a3992a817
Birman_162,images/Birman_162.jpg,Birman,3,7e0c17f86d7095e90da6d91ced1d663c2c926cec990b616ddfb6b29ffb9a8c3b
Birman_163,images/Birman_163.jpg,Birman,3,bba94fb0365f80d83488cf747e296ebc77244bc5e63769215cd6b8afd5ecfca1
Birman_166,images/Birman_166.jpg,Birman,3,01f80cfe846bbefa5bbd179c4c4a4695e03f4e9de4dd796cbc5fcfa18a86ddb5
Birman_167,images/Birman_167.jpg,Birman,3,315bbea841d33d4ec7b630ba6176932736f90cfd36e1ca68b3de8eb94fa8ef4a
Birman_169,images/Birman_169.jpg,Birman,3,1dcc71ea74bf9ab088e6b9164ea3c8aadac619789196d9f4b6d80e3f38d08969
Birman_17,images/Birman_17.jpg,Birman,3,01edcb039671e85361d1ae507eeaef69d5c21bbfe7d8df94cba0d09f2eb35d7b
Birman_171,images/Birman_171.jpg,Birman,3,7b30f9329d7fce416644c83981b3670be2569c5fa8552bf8d1acbae1b7f0122c
Birman_172,images/Birman_172.jpg,Birman,3,6696a5aa9fb7c2805a90ba140a8e2f9dddabf1b555faa6d4744d32b1553d1a20
Birman_174,images/Birman_174.jpg,Birman,3,ef9b5e647c1acbcc9082f8bcabf6ce88351a618d1a9f50ef56bb89933f8b5199
Birman_175,images/Birman_175.jpg,Birman,3,d86f5cbcc6a13bf0c57ba613d5af2fa3b982550d360e24022bcf825acd60a482
Birman_178,images/Birman_178.jpg,Birman,3,35c088dd0e630daa7a8f1f7019a356f9ef3ec6f0e6fbfc7bed945d96aa8b334c
Birman_179,images/Birman_179.jpg,Birman,3,20f125d93dbdffd9527d9fde89ad4e9df5c8c8f7245140ebf116c96a90cc6c4b
Birman_18,images/Birman_18.jpg,Birman,3,c24f3235a03a883703799860b899fbf9a1372f24828eb795f742c85584fdcb8a
Birman_180,images/Birman_180.jpg,Birman,3,8f78c8b21a2b10eaa86a63fdded50385ce56c7de08ee1dbbda00849864888f85
Birman_181,images/Birman_181.jpg,Birman,3,61b0f96d5308880600df5f5d95f2095cf36d2df1f867d72c8126e2044793f186
Birman_182,images/Birman_182.jpg,Birman,3,202133f62851b2615e9ef59f3fd75ab12cbc4c6085a5d3a7972f83052f25c2d4
Birman_183,images/Birman_183.jpg,Birman,3,3d91b7ac8fa65a64f0f13b796ac6a7032d0a69209cca60770eed546742cbfa35
Birman_184,images/Birman_184.jpg,Birman,3,d713cbc5bb629f7cc3c82dae3d8972ecf293bd798bfaf9ff20018e3104c73a2c
Birman_185,images/Birman_185.jpg,Birman,3,e90df4526e9453fac641f1d364da9528866a285e74f25f8b4a776c976aa531da
Birman_186,images/Birman_186.jpg,Birman,3,72d8fe2263c28899917b923313f6472f2d20b19aca58c42cf43a9f945cd7173f
Birman_187,images/Birman_187.jpg,Birman,3,6678cbd0daa9723a2ff5fe1c6f1a01968ffd263d29a0f1522e9669a88f48d5de
Birman_188,images/Birman_188.jpg,Birman,3,17dd23c71095f61e5324602e0901f88a86310c5fd7165a710e2afa3f029dc70f
Birman_19,images/Birman_19.jpg,Birman,3,ba354e79b562eea6ac75918253a21017702610d6c933002bc329a6d9d2fbf0b6
Birman_190,images/Birman_190.jpg,Birman,3,bb6968eb90dc7b0c3278fc713c369585bb5584b24dd35bfec6598c68e66d1f97
Birman_191,images/Birman_191.jpg,Birman,3,3c0eaebc9b2ce59584128c9bad240404e7c5881446c132a000aa62e47201e958
Birman_194,images/Birman_194.jpg,Birman,3,efe3c50bae987aff19994ac31762f61bc0ff8fb33640aedab0d7a5723eeaa7b5
Birman_197,images/Birman_197.jpg,Birman,3,c63d9b4968ef11d3f35532aa857251c6987340ebcfc0d184fb96bd173ab6df35
Birman_198,images/Birman_198.jpg,Birman,3,375c448dcdd9e7d0d4510f6390214897d8139273a5361f7891ddf9b5fb5a7ec3
Birman_199,images/Birman_199.jpg,Birman,3,450fb55ef8a5bd756de5af535f2f70af852c2dd837cbff6f9d095dd4698293ce
Birman_20,images/Birman_20.jpg,Birman,3,a1a0a79fdeec8a87a1921108c1c54853bd6eb0976ec7260c01ae1f0dac859756
Birman_200,images/Birman_200.jpg,Birman,3,2008ab4a36472ec170112c12da2aa4cbe5e1ed278cf204e8419f2261d19632fb
Birman_27,images/Birman_27.jpg,Birman,3,7ce5b84363481a8c1aab90a0e1986d23a5124a88ed1e3b880cacae0c7e9b0642
Birman_3,images/Birman_3.jpg,Birman,3,6e1167698df943e1dddfd4a5d289c9059a7104bda0fb7430755e40f8d5a2f2aa
Birman_31,images/Birman_31.jpg,Birman,3,2ff6ee6b6f3a57940957ea73d62a26a6e1d93e04dac40e6e97c91cf47a82f19b
Birman_32,images/Birman_32.jpg,Birman,3,68b60d6a57d9a88a3e63bdc0349d920e7b5ff97900a6d156b2112cf6f4d1f118
Birman_33,images/Birman_33.jpg,Birman,3,da9cdfc60197e36d43a9c1299a86fca509320035c7ea7d7c74c75f7d623ce40c
Birman_34,images/Birman_34.jpg,Birman,3,ae1050254b2528b5591c0fe3293d91b411ec777e42d4abaf47d383dc7dc53f94
Birman_36,images/Birman_36.jpg,Birman,3,dd684a852c1b0b14559041c27f39c26ff518c7333a3780ad3b7fab57ea6c932c
Birman_37,images/Birman_37.jpg,Birman,3,073c1d295fd930a59831318bad322fead209a1d61fc1fb65464cf5b3347d88e1
Birman_38,images/Birman_38.jpg,Birman,3,b0fc2e9a276c87dd8716bc0aa1c89bb6ba08d876a2f6daac1c550f9985816e0e
Birman_4,images/Birman_4.jpg,Birman,3,9986040030f991685035b48ab3981896440a10c4e01abe51315fcc2f51494d13
Birman_40,images/Birman_40.jpg,Birman,3,fcef0e8d1d0964ba23e0a8b77d5c99ed90773de19646ad0fde7c05cf3c0af3ae
Birman_41,images/Birman_41.jpg,Birman,3,11bfa1392b5c468ee4e41d31109658e04725cfa09cb73438215187e344422969
Birman_46,images/Birman_46.jpg,Birman,3,2cad93bfe6617e2c088497fd00c8833e486985cd92ea83fe8bf18887525b0cb3
Birman_47,images/Birman_47.jpg,Birman,3,c0fa2fabafbc3b22cb8240bde22eb1eaf695cb818c7114a4bf9ca9c7d5a72f83
Birman_49,images/Birman_49.jpg,Birman,3,fdb07b0a7957130a0b3b81b39130b55206bac541bdf83b6c08115c75b6f39047
Birman_5,images/Birman_5.jpg,Birman,3,04fd93943a7a87ee7070a91e8306bb8e8c8939ba7a1b766872fc0292263003ef
Birman_50,images/Birman_50.jpg,Birman,3,c806a412d66742da2af77759bff80895e967c6dc9c2157f68814a8f44a2cd0b8
Birman_51,images/Birman_51.jpg,Birman,3,b57ac6902c6d55b250d0b8256994a1fd595b3d79d88855e0a0981d447e132799
Birman_53,images/Birman_53.jpg,Birman,3,d626d794e0e604ff5362521e9d00529e6a31d28c803b7c269dd970d53b6372eb
Birman_54,images/Birman_54.jpg,Birman,3,5baf009aa156b914ddac4287e2d0cb2c5ebae060709f2ea22023fada6384a8bb
Birman_55,images/Birman_55.jpg,Birman,3,66b5a31ee1b84cbfd7db63f83621ea481e9be0c83d2f968dadcd13642b38431f
Birman_6,images/Birman_6.jpg,Birman,3,9879ab207f90cd42231a0e5b90ebb68484e097f864ca3f8660c9f8a0f182a3e1
Birman_60,images/Birman_60.jpg,Birman,3,21a010555fb77558049852b07167e1a5aad1bc44d8c7cf29be3ec1c5fb035974
Birman_61,images/Birman_61.jpg,Birman,3,a5f74f72fb8a883389635eb4bfab636644b0d72cc41d3813c1d943af24f5e5e0
Birman_62,images/Birman_62.jpg,Birman,3,99927aeeecd58745833db64fba3035484e0f1b292cf6a58f6306e9320c352bd4
Birman_63,images/Birman_63.jpg,Birman,3,e40c39f599aeef644f8006f4903e15ca25ae29328fe302f507b4d775627c88a0
Birman_64,images/Birman_64.jpg,Birman,3,10b19bbd167d40c49d6803a949babe1731d30770134331c2852cfad360aaa2ea
Birman_65,images/Birman_65.jpg,Birman,3,ef0ca5a744952209efcf4b8bccbb450fb39075ebf238acc9ac7b30d14a1aedd9
Birman_67,images/Birman_67.jpg,Birman,3,ce6986502d1a64d17012485f7cb8136e3605c5fec44f94a71c0939520d84f410
Birman_68,images/Birman_68.jpg,Birman,3,9c2d60f9be1559f835aa0d95c0899b746766e37588e6af4bdfde1dabcee3b6e6
Birman_7,images/Birman_7.jpg,Birman,3,df234cc8277027c19080a7be7e074d2b95a9ce3a9572ec5425db64a8fe4ee3fe
Birman_70,images/Birman_70.jpg,Birman,3,227d86020b0603cb4dcc1b691fccfe149b34f85863460a27b3d2dbe901c10572
Birman_73,images/Birman_73.jpg,Birman,3,22437ee82cc0c736807ec5f2a2f3565c4f0b1153fe5ad6c136d9213e5421714d
Birman_74,images/Birman_74.jpg,Birman,3,6e7ee386a92762b06aa5336ea439d1cb7aab34a3adc2f3d5c29d714ec578e87c
Birman_75,images/Birman_75.jpg,Birman,3,af916aa31b6a9cb571141e8c00048df515d648a15a4ede136414ee0bc32a0c98
Birman_76,images/Birman_76.jpg,Birman,3,e45276316ac02d7e8d1b15bfc75a8a4ca2a5e86e8c2354817eaf654fad6a6299
Birman_77,images/Birman_77.jpg,Birman,3,9b34ef747a43466860df22e5c3e1bb6647b5e47554566755df8cc877ad6eb41f
Birman_78,images/Birman_78.jpg,Birman,3,f738da37059e0e0bc71feffccd5f008a07fcaab2330d846ea9e3aa7ccc400bfd
Birman_79,images/Birman_79.jpg,Birman,3,c905ae99391695aa62ddd299ad1302de4f57c71d693419808154b0262e496e2a
Birman_8,images/Birman_8.jpg,Birman,3,7b7c73cae361ce547791fa2cc066f728534a6886790f674787c15079777d0698
Birman_81,images/Birman_81.jpg,Birman,3,d6951e26d1a361fcf7b905fdfa5d8b9ed14038d53cae946ce21fc0232576eb04
Birman_82,images/Birman_82.jpg,Birman,3,874fe9340e6f14932b9222ebf3a266121179d8d36df2d83d76ed7b0d6d128417
Birman_83,images/Birman_83.jpg,Birman,3,9458ea1cacc7bc962a2c5cb7819006531d592793e9f3b62cbafe6ff317229ad0
Birman_84,images/Birman_84.jpg,Birman,3,9e38557300d9ce2c14ccbf6b502d24e8c14906da0954ada8dd81f817e42c825f
Birman_86,images/Birman_86.jpg,Birman,3,02daaecda45ebada70c3d5ce44c7bc3fafc69bdd6e7c31e6ecc0658873669669
Birman_87,images/Birman_87.jpg,Birman,3,724ede8725af12f5368aa83ce9c5efe7173fa91ac963cf80660d638c4274285d
Birman_88,images/Birman_88.jpg,Birman,3,719267bd8e134b6693ef59a85eef4e36277aec1ccf5eaa6cfe3b3fd3fa8a8a40
Birman_89,images/Birman_89.jpg,Birman,3,07556ee19ea7436fa85f3ab60700bf30f18d39e7ac958cea0921c2243fb07fbf
Birman_9,images/Birman_9.jpg,Birman,3,c436df05f401c32857c31a5fd676eddf7824c542091eee9c532a2b8c2ab6bd97
Birman_90,images/Birman_90.jpg,Birman,3,7995bb54ff6d90892078b4a122271f73d95e054dc48ddf8c9c0d25a8b0a3da6f
Birman_91,images/Birman_91.jpg,Birman,3,28b5669bd630048f057ce12e80f1d31a02d6650f8e352e4e1895033738544fdc
Birman_92,images/Birman_92.jpg,Birman,3,45249fef5a02eade360236b49912911343f3831e55e9db1e0fb88cce08817a5a
Birman_94,images/Birman_94.jpg,Birman,3,47c3c25e23b12734fb05fca28b0b083928d36967d40a4caef258abcdfd465fa3
Birman_95,images/Birman_95.jpg,Birman,3,d673cd60f2a570637e3456fb37e3940cc2498f8f6fb784498d9d1f060b335451
Birman_96,images/Birman_96.jpg,Birman,3,49f2b8e15b33f1bcdb61e118f0ec880e69ad91727f1cf89a6b2d6f34c2f7fdb7
Birman_97,images/Birman_97.jpg,Birman,3,961a31c668a33036af7d023389a0ce16d75585beb50014795e126f544866d009
Birman_98,images/Birman_98.jpg,Birman,3,478b98842abefcf0aa5fce0f6a7398f9493771e3b39fc3bb6237a5e3404db884
Birman_99,images/Birman_99.jpg,Birman,3,916c61a37c062ea68ea610720366a40845d538a62bc5e216973e5186125ef920
British_Shorthair_10,images/British_Shorthair_10.jpg,British Shorthair,0,fce9bc14a1f84ab758cdb055729bae00ebbd32f2a2e4ed0eabce20a64b81bdc6
British_Shorthair_100,images/British_Shorthair_100.jpg,British Shorthair,0,02f8d93d4cbc14fb75663cc955427d5cf86a2bb3268bb1f7d911c654b4510eb5
British_Shorthair_101,images/British_Shorthair_101.jpg,British Shorthair,0,e940668c3371964753ff46c8a5aa8f48990189f3f09675056665d8d63246a575
British_Shorthair_102,images/British_Shorthair_102.jpg,British Shorthair,0,328e3b2931202936e1ee0012177bf6a2d9d993bfef37727cec0a23644afcf842
British_Shorthair_103,images/British_Shorthair_103.jpg,British Shorthair,0,e5c19d33d631560d48916716fc20e95343e7d7a8aef06761de59973155ffd75f
British_Shorthair_104,images/British_Shorthair_104.jpg,British Shorthair,0,961952aab0bbecf17ad4155624af5a3c36844d5f420a11d489451baf724347de
British_Shorthair_105,images/British_Shorthair_105.jpg,British Shorthair,0,c9ff54295d21b4596bc6406cb84e0c572fb1e0463204b5b3120fca4c0feeb86d
British_Shorthair_108,images/British_Shorthair_108.jpg,British Shorthair,0,e47cc8f57f3864daaab01046342e3b5b718325e4af394cb00232dd2f343f4748
British_Shorthair_109,images/British_Shorthair_109.jpg,British Shorthair,0,306ee87cd3f4dbb01116d1f215a0e4172620454ed4c2751acfacf2951b6bbbea
British_Shorthair_110,images/British_Shorthair_110.jpg,British Shorthair,0,8d85f85f7f2c637c57247fc46c4882e0436b8198067b089ac4aab992e95f97f3
British_Shorthair_111,images/British_Shorthair_111.jpg,British Shorthair,0,88767a654dd46e3f3bf3acabbff004214f798a1fecffe49a7fc7f32b37a3a568
British_Shorthair_112,images/British_Shorthair_112.jpg,British Shorthair,0,2c7680935f902b1762ff2357e751b88d7239daa410cfd8739f589eff83ef02f1
British_Shorthair_113,images/British_Shorthair_113.jpg,British Shorthair,0,0db627d2ec7aa17325133f035bd720993c60fdbdff87ba0dbc4b424c19dc2284
British_Shorthair_114,images/British_Shorthair_114.jpg,British Shorthair,0,7cb5f48ec1a3554e0a4538eca330271f5c79632cd5a13b0c1137d9cb98e734b5
British_Shorthair_115,images/British_Shorthair_115.jpg,British Shorthair,0,5bc006d7c2b728ddaa926dc8771c29e8a14c764a1cba8a93cd3e3912d9eba89a
British_Shorthair_117,images/British_Shorthair_117.jpg,British Shorthair,0,30a854696408153a726c66a6165206d9c70d1001540dcc93f817bf9e0084c709
British_Shorthair_118,images/British_Shorthair_118.jpg,British Shorthair,0,19ece29b5a2f8f4ff71ca416897218531b645282427da3751780fe16ce9ef2bb
British_Shorthair_120,images/British_Shorthair_120.jpg,British Shorthair,0,6151105b30ae5c3bc1fc8a2073c90922a2534ecbb9e6621f11113c6e27d6d715
British_Shorthair_122,images/British_Shorthair_122.jpg,British Shorthair,0,93c3641acc231736e6a7ab67e89e68234a6011e012989b4d3005b1f8ef107033
British_Shorthair_126,images/British_Shorthair_126.jpg,British Shorthair,0,89f3c7221aca6861b7b161200bb795c2e1420054004cbb7b09d3977123c09030
British_Shorthair_128,images/British_Shorthair_128.jpg,British Shorthair,0,1787e30cd6e1aeb5f7ee1e317aaae147a645fb6293163cbec023495394fa4f1b
British_Shorthair_129,images/British_Shorthair_129.jpg,British Shorthair,0,a1d32f007ee0ddd5d96c8ae8e1641f1da7804282a26de3a04cd33aa53ac18337
British_Shorthair_130,images/British_Shorthair_130.jpg,British Shorthair,0,885dd582aca13ee806b3583ce46a54073e0702c473197a3d9d19ec8ae0237dc6
British_Shorthair_133,images/British_Shorthair_133.jpg,British Shorthair,0,04384f0c46e5e4fa6391a53797462eea1018bbac5accc89ed1f63cea2e0894dd
British_Shorthair_134,images/British_Shorthair_134.jpg,British Shorthair,0,a365c17ab1e624867eac9a9373aa3885ac1865f10a5af23609c39c9379bcc0b2
British_Shorthair_137,images/British_Shorthair_137.jpg,British Shorthair,0,c6eb6688c598c46f527719f5cb9ca0b6974c92ae57bf5e438ed53314bae435be
British_Shorthair_139,images/British_Shorthair_139.jpg,British Shorthair,0,52d88f3722198d0f027e75507668e2b712ff8b01531d3b2db6765ec2431bd2fe
British_Shorthair_140,images/British_Shorthair_140.jpg,British Shorthair,0,19184fb454ead01394307afbb03dd080e4d9c73c0bbe38aefaa5eb13c7471627
British_Shorthair_145,images/British_Shorthair_145.jpg,British Shorthair,0,a88ab913d42db411e808c8e8c0d0dc48d3daa8798ba4602c854ccd79b7ae1414
British_Shorthair_148,images/British_Shorthair_148.jpg,British Shorthair,0,69b515898c4a4385be86dca67407ec0c52f76a0667e9a3730d73c124e12c2104
British_Shorthair_149,images/British_Shorthair_149.jpg,British Shorthair,0,7b1f23966cfa6c6ddb24df7ab3d6b6a8d8989579b6e505e459f2d632684a74cc
British_Shorthair_15,images/British_Shorthair_15.jpg,British Shorthair,0,11ba50324aaabc7fcd0ba6ebf05023aef1c3c677d8a21413ee8cc0e09b83b083
British_Shorthair_151,images/British_Shorthair_151.jpg,British Shorthair,0,77dac8d9f7a7b15fa09e8688209af965db5c594b40f1f7875a4438f90899cd3a
British_Shorthair_153,images/British_Shorthair_153.jpg,British Shorthair,0,dc874a8cdb502f2d890d0037e44af37b93a7ba0a7511e27f96e49774cb76dd75
British_Shorthair_154,images/British_Shorthair_154.jpg,British Shorthair,0,d2af5ed29dc2f5ae26f1b75fce4b093e8546bd9be8e9038a2672ae1751ff32eb
British_Shorthair_155,images/British_Shorthair_155.jpg,British Shorthair,0,f5ea01362e6d704b759c4844cd56af7682cd2044c3e5c8d741fde04343c688e0
British_Shorthair_156,images/British_Shorthair_156.jpg,British Shorthair,0,0e10684a149c1a03f849c5ebf336c41844410de096eb990f0d2d56ddec14eb59
British_Shorthair_158,images/British_Shorthair_158.jpg,British Shorthair,0,e0f8c4db141a69a295420b0a96cac32cdc8a2128adf7fee1105a7c8ab3255145
British_Shorthair_159,images/British_Shorthair_159.jpg,British Shorthair,0,ae3489e8754a2896d6a1f199d4d5eda9551ab3c107d914652cd268b97f2d27ea
British_Shorthair_16,images/British_Shorthair_16.jpg,British Shorthair,0,399724099224bd6f08d56f623384227c7e9446412682822f83dae4571e25e269
British_Shorthair_160,images/British_Shorthair_160.jpg,British Shorthair,0,97d0cf25bb1ec773a60404c1c4b0de3b29a95cdac6a1f320be26824a8d5f5c86
British_Shorthair_164,images/British_Shorthair_164.jpg,British Shorthair,0,8963f8505c10ebf4bbc54bb8000dc0ee253dbf78294a3b611dc9b2fbdfe0b552
British_Shorthair_166,images/British_Shorthair_166.jpg,British Shorthair,0,65be6f0bb5b871971e876cfd36a54d5bf853988624fe3408d7a4e8efc4468c97
British_Shorthair_167,images/British_Shorthair_167.jpg,British Shorthair,0,365327e30db80c61f1566b6f9d88b42ec2d6822a70ae7d26da056906208987cc
British_Shorthair_168,images/British_Shorthair_168.jpg,British Shorthair,0,17f8722f73b7de877f2e237b87dc9be79bded26a1f2256f747ccd493443ad63f
British_Shorthair_169,images/British_Shorthair_169.jpg,British Shorthair,0,dd2e2dd883237028f2e15e68a7a2e3eb57981f28d6617fe4ab8d6b6506194db3
British_Shorthair_17,images/British_Shorthair_17.jpg,British Shorthair,0,b67fa489498f17be3dfdcf0742bbcb91f9125168b4b6102675b9fbf26f1f420a
British_Shorthair_170,images/British_Shorthair_170.jpg,British Shorthair,0,f2356e4e0da4baca15edf9c08d0cc2f8ed5e66aab0aa295e22cc4e80aa5fe519
British_Shorthair_172,images/British_Shorthair_172.jpg,British Shorthair,0,fd166bc358b5978ff128f6071f259e71195832bd84acdae23a5e67b4bdd30be8
British_Shorthair_175,images/British_Shorthair_175.jpg,British Shorthair,0,1b13f0ecdd03fed9c3a79f3ab13b15269464b3afa7fd1238ad82a79ccb5adae6
British_Shorthair_178,images/British_Shorthair_178.jpg,British Shorthair,0,31f508ce62e3ee633bc16238e12a219cda544a739e81689b1c6f6ab6cfce327b
British_Shorthair_179,images/British_Shorthair_179.jpg,British Shorthair,0,663250d62c97f0179c10aa91bf98a51e0e97352843165fcf07c27191e134d3fb
British_Shorthair_181,images/British_Shorthair_181.jpg,British Shorthair,0,8af1bd6df8586d1b64b82d392840319605fc19c859d8ef9ca45493cecb409e76
British_Shorthair_183,images/British_Shorthair_183.jpg,British Shorthair,0,f08c4a6fcdcb8bac1f6e43fec699a4bb14604e8e164c89b522736eb739259df6
British_Shorthair_184,images/British_Shorthair_184.jpg,British Shorthair,0,50a645c694b339ccdb5bedb2522b18bda584ba1820263d62e674c0eace6c6fd8
British_Shorthair_185,images/British_Shorthair_185.jpg,British Shorthair,0,a6f20cf3858ee34c3f63bb9246353933abffb30dc61403453d5e81baf82a76d5
British_Shorthair_188,images/British_Shorthair_188.jpg,British Shorthair,0,fba9643cf5dc83cf46dfc88a68bb815c5ee49c751a6ba11366d9affeefaa3aaa
British_Shorthair_189,images/British_Shorthair_189.jpg,British Shorthair,0,e4aab8284f89593bf7509dc6a4c454b7a94866ec691921e85f6662881c7d877d
British_Shorthair_190,images/British_Shorthair_190.jpg,British Shorthair,0,639405ef26430ff63af1344964834213956cc69bba65fd35ce68ae6f5ad966e5
British_Shorthair_195,images/British_Shorthair_195.jpg,British Shorthair,0,aa3ec4983dc198acafedc2086bcdb865a77ab6b83cade7edb78ae40bc011fd91
British_Shorthair_199,images/British_Shorthair_199.jpg,British Shorthair,0,47d235b260624053e6365f281cb13e77cc118c77d9aa27ac8839550ec94e04ec
British_Shorthair_203,images/British_Shorthair_203.jpg,British Shorthair,0,c24c1d9103ffa485f0cd8eb670e147b7d75d30c803ad739d4cf2991b166312e5
British_Shorthair_207,images/British_Shorthair_207.jpg,British Shorthair,0,d5cbbdbcd7544bef3652653e5798dece0ca9ae4b61ff09a25614709d8215ef54
British_Shorthair_209,images/British_Shorthair_209.jpg,British Shorthair,0,2621a7f1d42bc4f07741b5c3c0bd19c165c1d6b38769c09341aff995e6108f75
British_Shorthair_21,images/British_Shorthair_21.jpg,British Shorthair,0,32eefa30e6bf5397c92638d5732ff7810847d3966b7c1b9c7350b3717dbc64c1
British_Shorthair_210,images/British_Shorthair_210.jpg,British Shorthair,0,262affb18e94fb2ea86495d57f7618f9f0e03eb98888693cc901952ae66b1528
British_Shorthair_212,images/British_Shorthair_212.jpg,British Shorthair,0,c06cd0b997fb482f497948f58c0fd19663d2514ad2993a64515d2182d3bec804
British_Shorthair_213,images/British_Shorthair_213.jpg,British Shorthair,0,9998ff6b16e12524ea74a93a7ac73afd8f76bb4e286d0338f8c97a390941fc7d
British_Shorthair_218,images/British_Shorthair_218.jpg,British Shorthair,0,0d7210e5db67e377657ebfce5ee4bc4a51a9913274a79c97212be0d34b2d056f
British_Shorthair_22,images/British_Shorthair_22.jpg,British Shorthair,0,64953b788f1989610d7ff6a29c75c58cb518b62065d437de9b9ec99a5a9ecd3e
British_Shorthair_223,images/British_Shorthair_223.jpg,British Shorthair,0,116a5c39b37f8de0d05adb34414e73df4e3f706faa19324168b1fc49faf17cfd
British_Shorthair_239,images/British_Shorthair_239.jpg,British Shorthair,0,2adbc788b027bc27928ea5cd93b7f0ced11c0be262805975d28ed16358141e6c
British_Shorthair_241,images/British_Shorthair_241.jpg,British Shorthair,0,6c7d3296a435deb012aed4e4a7cf4311771d1ac2535bc26f44d22d6f316caa11
British_Shorthair_248,images/British_Shorthair_248.jpg,British Shorthair,0,1b9f52ae3b3710fffe5089bc9d2d56d31a44f384bb25c8f0d3d58835211970e2
British_Shorthair_25,images/British_Shorthair_25.jpg,British Shorthair,0,786e478946de3f3f683ebe4dee8ac3fea5da35a9d95c2bfbe053e5222f5fbab4
British_Shorthair_258,images/British_Shorthair_258.jpg,British Shorthair,0,a3250e15675e066c695bbad95705a9fc78ac222ba7c40e104eda490ba54ad4ff
British_Shorthair_26,images/British_Shorthair_26.jpg,British Shorthair,0,02a50236bfea057c394044d635fe9229dc293a6b816791deb61562bf9aac2a82
British_Shorthair_263,images/British_Shorthair_263.jpg,British Shorthair,0,1b2749edd4993358db006567db8214096927e619d9b31ba76c6e33e0ee7a6ef4
British_Shorthair_265,images/British_Shorthair_265.jpg,British Shorthair,0,a3adac4ebf6fae7342bd020859e6a2bd7846e5c102175015b5f10624110f0f1d
British_Shorthair_268,images/British_Shorthair_268.jpg,British Shorthair,0,54667abe949a37a3134aece0ae174187015c878c3b82bfe590c95d837a6fe7a8
British_Shorthair_269,images/British_Shorthair_269.jpg,British Shorthair,0,8e8993fe7d86664dc46fba4081a00ea749f6cb8fd0fd311126c7495bca7c680e
British_Shorthair_270,images/British_Shorthair_270.jpg,British Shorthair,0,d001b15bb7662846dcbb5c81bc3f6611d25c07ee0ef3bb6077f3176029235843
British_Shorthair_271,images/British_Shorthair_271.jpg,British Shorthair,0,6ca2107adc9534e6c1a6f64bd1fb90ba43dca342027c7b7695720f8a02741f1e
British_Shorthair_272,images/British_Shorthair_272.jpg,British Shorthair,0,902bfd99b7233d19cd78e8092eba7c64157462f00629a04661d7ccb440312ea9
British_Shorthair_273,images/British_Shorthair_273.jpg,British Shorthair,0,1e51d022e5b9932e9cf4f572aca0f07504b4e257c5e1ef59954536cfd28dab3b
British_Shorthair_274,images/British_Shorthair_274.jpg,British Shorthair,0,785e24df18724513d7841fb6e98d53f33d3063fc87da8c81dae081200f34c01b
British_Shorthair_275,images/British_Shorthair_275.jpg,British Shorthair,0,e43094abcdf886edb4ac756da81c31198b8c4341b42b81bbb81665930e9e09ce
British_Shorthair_277,images/British_Shorthair_277.jpg,British Shorthair,0,89f9363164b1377c0dfe662f34b2f5224814ad5a022d7207c1d94ecc3b4a31b7
British_Shorthair_278,images/British_Shorthair_278.jpg,British Shorthair,0,c9e4f78d3919e09a6284c3a86522f582c5418cac43bb944dc61eb4189ea5d24b
British_Shorthair_28,images/British_Shorthair_28.jpg,British Shorthair,0,b3e12b3f090c949c9afd19503b44966cb5e42743b9e7a96c77a70e32b730fac7
British_Shorthair_29,images/British_Shorthair_29.jpg,British Shorthair,0,9cab6f8e7a79c7a61e25fe9f04a77e5a75be89d5fe449ee2824018ae8512c2d4
British_Shorthair_30,images/British_Shorthair_30.jpg,British Shorthair,0,162738347145e932cce348d58e7ce5af09fab78fb79a50002cf311bdba454670
British_Shorthair_31,images/British_Shorthair_31.jpg,British Shorthair,0,e1a272abc95c007831e97b951215dd60642c7d4ced4fe2a78f2fa72e54d03cc7
British_Shorthair_32,images/British_Shorthair_32.jpg,British Shorthair,0,375749fba9993a8b3d9d9fdab5dfa931b61df873ee26e0f5f36c5529a192b571
British_Shorthair_33,images/British_Shorthair_33.jpg,British Shorthair,0,10908f899c87c5326fe4211745f6f6c06f3ab43fc4575da449910744eb157be0
British_Shorthair_37,images/British_Shorthair_37.jpg,British Shorthair,0,e08bfa8f99f0e28f98efa48af8c87a8254c4c9615b3e230a4c2e1074381749ec
British_Shorthair_38,images/British_Shorthair_38.jpg,British Shorthair,0,48cb81df893ae100b0da372352447efabcf1f39db4ae2e23af48f20c70867bbe
British_Shorthair_39,images/British_Shorthair_39.jpg,British Shorthair,0,4a191fbbfe5d1f26f15019aba820c34c3e21f889e20106e5145fa74870df925d
British_Shorthair_40,images/British_Shorthair_40.jpg,British Shorthair,0,049d41edeb8468c11dc727bf12fd44c766ebf104478607ead853df7d96f92515
British_Shorthair_41,images/British_Shorthair_41.jpg,British Shorthair,0,e55298a6f42581bd4dbf61e9cafe61a95244d45c9ccffabba0d065ff6e26c291
British_Shorthair_42,images/British_Shorthair_42.jpg,British Shorthair,0,1370c8e2363aeac6275b3e7c23a593c506e382b3bca640450781e63e92389a25
British_Shorthair_43,images/British_Shorthair_43.jpg,British Shorthair,0,4ca4bc780dc84b9e30fae3e33fdf811d200cdb5d708c7a27b424584e8c48049b
British_Shorthair_44,images/British_Shorthair_44.jpg,British Shorthair,0,2d85ac8ff4084f4c5ad90f08c19234240b306e769ce31251dd8441c6dd6dd13e
British_Shorthair_46,images/British_Shorthair_46.jpg,British Shorthair,0,1bc0cd9ad5561d54a0361c2056e42937bf3092e33bc4b66098817bd9512da9f8
British_Shorthair_47,images/British_Shorthair_47.jpg,British Shorthair,0,d3a2080a4d44137a9ddc484270c72e761d04275b1ec3e68b792b435b1f122af6
British_Shorthair_51,images/British_Shorthair_51.jpg,British Shorthair,0,a8ec2843935f23a0de4472a283ccb399999d694b9d6bd6a515cb7243d54740fa
British_Shorthair_53,images/British_Shorthair_53.jpg,British Shorthair,0,dd6698fad859e5ac975523f1512c6a12e0d3c5417d5f1c85880a6ba68d17beae
British_Shorthair_54,images/British_Shorthair_54.jpg,British Shorthair,0,d52ede73f2d935c165ecf90f35d6df1ee1dafaa6935917ea49e3501a47d3d300
British_Shorthair_56,images/British_Shorthair_56.jpg,British Shorthair,0,edf78195347012e20ab7b44e4faa87b3068cc8237b5b8e45937aadee5fe91148
British_Shorthair_57,images/British_Shorthair_57.jpg,British Shorthair,0,587bb9612e1453814fd4f4e732a792e04673adc3403980ff9e9d3d380c7e2b1b
British_Shorthair_58,images/British_Shorthair_58.jpg,British Shorthair,0,cba06a58d5dda3b3085725fb2bfc7d2d4aa03cb57a1661b5ec4a54aaf7378a93
British_Shorthair_59,images/British_Shorthair_59.jpg,British Shorthair,0,ddd2ed06e35168bcfe444b038cc3adca30881bb80c673f0ea84b6a27900e25c9
British_Shorthair_6,images/British_Shorthair_6.jpg,British Shorthair,0,7cec46ecd3a99827f4977f4473687be1b4315539c4d895b3d2ddf4334e073ad4
British_Shorthair_62,images/British_Shorthair_62.jpg,British Shorthair,0,3849df8e44682bf4751eab1336eedfadca3a1acd8e48bfda63a264484bc16413
British_Shorthair_64,images/British_Shorthair_64.jpg,British Shorthair,0,73b4719d50db4243b524848642f59016af941ab3bedc69586f7c2770ad096d87
British_Shorthair_67,images/British_Shorthair_67.jpg,British Shorthair,0,49152280964b6fa98922ef2a9a8bb0a4835502ddf7debe4caacf06b5d823a976
British_Shorthair_68,images/British_Shorthair_68.jpg,British Shorthair,0,3c8349046f48794b2335a10eba15b15ed593b5f0bef394503e8c69fade7819f9
British_Shorthair_70,images/British_Shorthair_70.jpg,British Shorthair,0,725f4083087d8e72b74fbadea7ca8d1ef7738aac3ff855f5a33f1f560154142f
British_Shorthair_72,images/British_Shorthair_72.jpg,British Shorthair,0,494d2962b122a5af4d2e032ee14a60bf561c43c8c9540d9a9c2860acb7f462d4
British_Shorthair_74,images/British_Shorthair_74.jpg,British Shorthair,0,af4207198cdddb9fb9400726b3611f100a581594bb024fe0cba7d56946f3e03e
British_Shorthair_75,images/British_Shorthair_75.jpg,British Shorthair,0,3894cb670f3bcb0008e66d863f374da5b800b0de5c018e0bda6ad4ea979ab311
British_Shorthair_77,images/British_Shorthair_77.jpg,British Shorthair,0,fcef8639f6fb5ab7d20960e077e9d688021fa45e63cae336ff323adcd822b0f8
British_Shorthair_78,images/British_Shorthair_78.jpg,British Shorthair,0,ade1b69f83c5926b6e4dcefd4a36ea18b1dfcc714596d28a7533b07a0621c29b
British_Shorthair_79,images/British_Shorthair_79.jpg,British Shorthair,0,4b3aa6900dbdfae8c2d7787f23d3dace87eac7058f75702cdec18a8626e42129
British_Shorthair_8,images/British_Shorthair_8.jpg,British Shorthair,0,3ec4d522d088c9ba2e8575dbe1b6b3a43878848f0f45ed98afbfbc843709bfd4
British_Shorthair_82,images/British_Shorthair_82.jpg,British Shorthair,0,47a56caf83928ef00da352f0011d9bb30b157bb07b8834ca819e05687291a0da
British_Shorthair_83,images/British_Shorthair_83.jpg,British Shorthair,0,f71e3cdf9ae3b91d990c1eb4d5ef7632fb6a2b10428f6c842c95e323fbaa4335
British_Shorthair_84,images/British_Shorthair_84.jpg,British Shorthair,0,908c67fde9415d1f43c22ebb45c51ad11cc221ee030e90c9b36d661160cd40f4
British_Shorthair_85,images/British_Shorthair_85.jpg,British Shorthair,0,344fc59ebbc6a205f6fe49490b932801b11923f3a94f69f019fbc5faba38e90a
British_Shorthair_87,images/British_Shorthair_87.jpg,British Shorthair,0,4734a3f3e2fd4d8b52f2963f1ddbd9a48cb78a50db39dde08006125225ff050e
British_Shorthair_88,images/British_Shorthair_88.jpg,British Shorthair,0,08344a405a16482a935552541f319384e126c1759e8a6dbac7fb48b5afb01b62
British_Shorthair_89,images/British_Shorthair_89.jpg,British Shorthair,0,12602807cb92935dda54eb9a08a0fbd687a72348623e909449060794a7366cbc
British_Shorthair_91,images/British_Shorthair_91.jpg,British Shorthair,0,e51d734840ba2961f1088d2cce10746d73ca4e51530bc445a3a78cc5ae566b97
British_Shorthair_92,images/British_Shorthair_92.jpg,British Shorthair,0,9110c67b0fb0ca0e767d63f31834966fe99d7fff20b404c18fe78af05a701cec
British_Shorthair_93,images/British_Shorthair_93.jpg,British Shorthair,0,2205192c89bdc1c3a68b12224fd9e3597838a02bfea375405a3407c2c2ca2d4b
British_Shorthair_94,images/British_Shorthair_94.jpg,British Shorthair,0,b058864d3613c3082ba9df09b5e14a531b2dec1f1acddee4b5d694e6864cd0b2
British_Shorthair_95,images/British_Shorthair_95.jpg,British Shorthair,0,6c5a910b4d4e52be49d69c3aabd81e50523f4b5113659a0e3421b4f528751e9e
British_Shorthair_96,images/British_Shorthair_96.jpg,British Shorthair,0,1cf3114d6cd341c2f2f61bace252b29ecd81b2a1539a9e4591ad7bcd8ac12349
British_Shorthair_98,images/British_Shorthair_98.jpg,British Shorthair,0,267567b07bf3b8bf20df6ba47051e90eacb33d26d4148e39bb384309b02618af
British_Shorthair_99,images/British_Shorthair_99.jpg,British Shorthair,0,af3d9e307acecc134f34a51c6054d9073410876d37e3b44876c8cbf9e45e5918
Maine_Coon_1,images/Maine_Coon_1.jpg,Maine Coon,7,d350002f2ff6e40e858367362be5e8cc57a4d8153de1f3a872e7d3ee53fd62e5
Maine_Coon_10,images/Maine_Coon_10.jpg,Maine Coon,7,202964c1cf3de1b806bd1a0e1047f5afb864d0c2a5b7dc56b12c236a193f1d70
Maine_Coon_100,images/Maine_Coon_100.jpg,Maine Coon,7,807f3776b611068be6495811cac59b1aaa7bd0cd3db70bef0ee65f7fdd284c3c
Maine_Coon_101,images/Maine_Coon_101.jpg,Maine Coon,7,556b29efabc9244c0a8a23ea94f1bac0292a2efee8f9a1653884330b26594fb8
Maine_Coon_103,images/Maine_Coon_103.jpg,Maine Coon,7,746f224392ece31c4100ce54701292f0695c9b624f2b0bc6896c2c8752298d9f
Maine_Coon_107,images/Maine_Coon_107.jpg,Maine Coon,7,c04906fdac20570ebb76fc279c0f04dc754947edfd3a6d8716cfc399d58a74f5
Maine_Coon_109,images/Maine_Coon_109.jpg,Maine Coon,7,85509160c68f24fdecc2d4b974e23991915fb67960897d061bbea8f77afae3a2
Maine_Coon_112,images/Maine_Coon_112.jpg,Maine Coon,7,b398dbb9cbfda1d15e109f357cea9a9f9536de663857439121896f20e8f1dc4b
Maine_Coon_117,images/Maine_Coon_117.jpg,Maine Coon,7,0c2f8f9b0cba87aafde66d9055eee183f03a237bf81f90282a40030122912730
Maine_Coon_119,images/Maine_Coon_119.jpg,Maine Coon,7,5cba7c3d711d860d21191b3f0b58f31cc96f3f94cf94f8c97ee6efec4cee8b69
Maine_Coon_124,images/Maine_Coon_124.jpg,Maine Coon,7,984fdc15e4822e320be068b512a73527578c728745176e164797fbfcbcb1e0a3
Maine_Coon_126,images/Maine_Coon_126.jpg,Maine Coon,7,57b7edd6da3f12b5c0bfd8c6b00b951de0b65b06b29fe520e8579e3324a0e120
Maine_Coon_127,images/Maine_Coon_127.jpg,Maine Coon,7,19b4b329c2006d0f1ae3dc35530f540d8176d56926d907326d28a71a25c1aee4
Maine_Coon_129,images/Maine_Coon_129.jpg,Maine Coon,7,c20f749ce1eedab9290a40b29d45e0eae0ef72e29466162d8ed8f29d2ac90c17
Maine_Coon_13,images/Maine_Coon_13.jpg,Maine Coon,7,94b470f4ed457595dc3afa68eba555a8c478d7f08534e2396f16e29b7afe0409
Maine_Coon_133,images/Maine_Coon_133.jpg,Maine Coon,7,4a3b5d62ad475e234ab4bc0607f9c14273b855f878eaf53dffa2d5d7c4d5fdab
Maine_Coon_134,images/Maine_Coon_134.jpg,Maine Coon,7,02e8f8aad0d6f04d266020cd63ac51b13866c7e34693b22aa7aa045154c26ceb
Maine_Coon_135,images/Maine_Coon_135.jpg,Maine Coon,7,896a6c207263ca714ef56c4b565cd28e3d4d27a90fc1cef184d887f7302b8c26
Maine_Coon_136,images/Maine_Coon_136.jpg,Maine Coon,7,c8e52214179cf51cff6914ee2e9c71013e6f104e9e408acc42313d7ebfee2389
Maine_Coon_138,images/Maine_Coon_138.jpg,Maine Coon,7,f63456d1661c29df5b5e7d6bb18173478931ae732ccdd8c4a4ff997956c2dbfc
Maine_Coon_139,images/Maine_Coon_139.jpg,Maine Coon,7,4f22c4f48c977809a4bb4d90c0290324f882c1e7fd37224e513fca81ca7f1c26
Maine_Coon_14,images/Maine_Coon_14.jpg,Maine Coon,7,11adc8902c43a7e53d8b1c5d0be5544cae9e714411e2119275cb0d2fb33f0ea2
Maine_Coon_140,images/Maine_Coon_140.jpg,Maine Coon,7,0978827be5444fe420282ac04c0c31f6e650320c963199a042130e8f2468296e
Maine_Coon_141,images/Maine_Coon_141.jpg,Maine Coon,7,7f69647387fd4f5aaae139c929ea912ad8e33aa11ba9f424357361b4c0c6d948
Maine_Coon_142,images/Maine_Coon_142.jpg,Maine Coon,7,88d95c6ea40fd88d7494965fda52c6adaafa9674d5611f27daa443773781053a
Maine_Coon_144,images/Maine_Coon_144.jpg,Maine Coon,7,28785873f14c21ffc2222b60029b8a0b0149584d472512d9cee0343eddec8b41
Maine_Coon_145,images/Maine_Coon_145.jpg,Maine Coon,7,6ec45dd43bc17925582877ea9e9d078ecc4d77926399f535cedfcf919a86d3ec
Maine_Coon_146,images/Maine_Coon_146.jpg,Maine Coon,7,900931ccd9f0a9b84c800801e16f67fffbc10cbffbf555ea199d33c1edaf96b9
Maine_Coon_148,images/Maine_Coon_148.jpg,Maine Coon,7,9d16f8f3333e14093a83febc7d6f41c451aea79fa2bb82d1492f93d0f458efbf
Maine_Coon_149,images/Maine_Coon_149.jpg,Maine Coon,7,2b8375e76d9fbea36acb5f949aa583a37330a68d05cf0cf1d2de226c700518f6
Maine_Coon_151,images/Maine_Coon_151.jpg,Maine Coon,7,44926c662a7a31dca34c1a672a43bf838e460fc06a9e51aa9b8229b778b3d0a4
Maine_Coon_152,images/Maine_Coon_152.jpg,Maine Coon,7,13a1a66f432deb7a11e134e39cda4d504eed0761077c9e3d4d41c928614c5b93
Maine_Coon_153,images/Maine_Coon_153.jpg,Maine Coon,7,590571f02cd271ecf2ae1ba9fb980a06877ecbb0f5511d9f2bcb13d43dfcfa9c
Maine_Coon_154,images/Maine_Coon_154.jpg,Maine Coon,7,a940cdff503b67edd9484d22ca6ffbb7f6ce5f16a3a4af8aab4d2a2c4cc5d227
Maine_Coon_155,images/Maine_Coon_155.jpg,Maine Coon,7,285b8c6f395558e24a88c217a8dab07c1d880f91a6e919827ce8514b6e69186a
Maine_Coon_157,images/Maine_Coon_157.jpg,Maine Coon,7,66cb0f6b52d1776be7b02cad05cd46c97a43866adc11b2312ce21249fbc6b4ec
Maine_Coon_158,images/Maine_Coon_158.jpg,Maine Coon,7,5ed038d3c11f45e5fff7f515b8562304fb5f6ba680a92d1947365cc37fcadff0
Maine_Coon_160,images/Maine_Coon_160.jpg,Maine Coon,7,1e032bb440e99e1fdfd47b74543946b4bed2aa37620735eac58ae9d91949c5c1
Maine_Coon_162,images/Maine_Coon_162.jpg,Maine Coon,7,e385aadf06264b5d050f777590ea42bb53d55fd53478d6ffc94d20c0b08bb21f
Maine_Coon_164,images/Maine_Coon_164.jpg,Maine Coon,7,d840903117a1a17ea86ec6b49602cdb554aab3c4c412cae0a24896c6d3e63477
Maine_Coon_167,images/Maine_Coon_167.jpg,Maine Coon,7,83d1872e2ba9b31fc24e6785f8ee1638091073f95305273723d024254d2c68fa
Maine_Coon_168,images/Maine_Coon_168.jpg,Maine Coon,7,ede1dc1b5e701076651b0cc8caf8639cdf6b63ecea0622ed970e0bc4faf247e7
Maine_Coon_169,images/Maine_Coon_169.jpg,Maine Coon,7,556274e3fa28e6baca83658ef58eb06377b74cf7424492b65647e7756ba1ca36
Maine_Coon_17,images/Maine_Coon_17.jpg,Maine Coon,7,7e5bc3f276fc2f7e396ff7460c9e1f21e0a66c3b780f7a8f1dfd7d138bcb50d0
Maine_Coon_170,images/Maine_Coon_170.jpg,Maine Coon,7,772e5b6f8aac2fab906e5c39b94e51c2a11a161151d699ba5daeada46316bd32
Maine_Coon_173,images/Maine_Coon_173.jpg,Maine Coon,7,5d2ac76041916179ff5893ea4f093729131dd798b61967407ef7f227499e9be2
Maine_Coon_174,images/Maine_Coon_174.jpg,Maine Coon,7,c6eef8eccadb2676150f221308dd53897593fffae6a2dd43b8934df5c2efd9b9
Maine_Coon_175,images/Maine_Coon_175.jpg,Maine Coon,7,8fc4cbe090b37796d6fea08ade010c3d8b1231212608b1f7dc7882f32f3b2228
Maine_Coon_176,images/Maine_Coon_176.jpg,Maine Coon,7,3a781c7c0b568e6c31cc12e293ab750f6b2445a5bea03ea48e9123b533ced1c3
Maine_Coon_18,images/Maine_Coon_18.jpg,Maine Coon,7,651e61543e306758c1618f9bcb29b120f4a21591c2a4e2decab06d644bb4a6a2
Maine_Coon_180,images/Maine_Coon_180.jpg,Maine Coon,7,6499aab49e83893b68a12ae07b20020ea4f8fa4d2002efb4f55fe94bb070b2be
Maine_Coon_182,images/Maine_Coon_182.jpg,Maine Coon,7,02e20af5eb9906df9f212c49ce596b91964dd506763a48d7c9cbadc898a674db
Maine_Coon_186,images/Maine_Coon_186.jpg,Maine Coon,7,2b75d1afe546eccf08422b41e4bf966ce37d9bc96105c48b64fd9e209ccb021f
Maine_Coon_189,images/Maine_Coon_189.jpg,Maine Coon,7,d215f7f4ea0a47d2c92c9226ea7b594afa05ded02826ebb523afdede900e10ee
Maine_Coon_19,images/Maine_Coon_19.jpg,Maine Coon,7,2ac5c5e1e09edf92ec9e7fa29105124f919cb0a58a32824a377a18c548782dbd
Maine_Coon_191,images/Maine_Coon_191.jpg,Maine Coon,7,3341ca1223865050cbf18225252649fc00f036ae6376260a525a2b47ba59b062
Maine_Coon_192,images/Maine_Coon_192.jpg,Maine Coon,7,1abece1a4aa3198760250f5529fda7951705b0a633f65855213ca67719ed441e
Maine_Coon_195,images/Maine_Coon_195.jpg,Maine Coon,7,4c5ba65358d31005f52d47bf58edacd703a30027546046e09079ba58c2b85a2c
Maine_Coon_196,images/Maine_Coon_196.jpg,Maine Coon,7,74ae9d9d523e13167546d0e1a10ce7a2bcf2ddcfb7eea6c0fb42c0fe4fa87da8
Maine_Coon_201,images/Maine_Coon_201.jpg,Maine Coon,7,9def76e4cfae1dfff3404d12dd15602f0cf8dde1446f7eb5241e633beb782a38
Maine_Coon_203,images/Maine_Coon_203.jpg,Maine Coon,7,ebd9ac291421a97f9443956268695f2ffcc58b507d18c0fd8e9301867f1c4795
Maine_Coon_204,images/Maine_Coon_204.jpg,Maine Coon,7,ea9ef33679c4a89dc5c2744d07efaee12c2bf5030323fb7998863f7aeb4d946e
Maine_Coon_207,images/Maine_Coon_207.jpg,Maine Coon,7,59313c38b359d9182124253eaef615848de660c85b5ad8868e11bdb7481f81e9
Maine_Coon_208,images/Maine_Coon_208.jpg,Maine Coon,7,39f26b45d9e7e377b87b388a5e88eebfbc24da0bc75f39513387faf94bf41c66
Maine_Coon_21,images/Maine_Coon_21.jpg,Maine Coon,7,bb2b8c12757949ae640fcf75cc6c10dff67785ece45bae0c98dc8892e4013218
Maine_Coon_210,images/Maine_Coon_210.jpg,Maine Coon,7,071ddf905256cf57d0ab65d87fc6f292e7e56d052bd3fcbe01f3707798ef3ad8
Maine_Coon_211,images/Maine_Coon_211.jpg,Maine Coon,7,8b237cfee1e6c7207475a14d113bc19b7db417198f26566a9c30c31fa29035dc
Maine_Coon_213,images/Maine_Coon_213.jpg,Maine Coon,7,621b0270a0bed3aa26788d62e70a174a7b07ee2ce244e6ee63d9041fe4c5eeac
Maine_Coon_214,images/Maine_Coon_214.jpg,Maine Coon,7,9d57d392a43c4c403272cca7b697a1afe0f526890b0efec9d2d7f0d15263759f
Maine_Coon_217,images/Maine_Coon_217.jpg,Maine Coon,7,69d4d36f6074ae64257381a0a269ed4a24d213e3047136289f49be0570588299
Maine_Coon_219,images/Maine_Coon_219.jpg,Maine Coon,7,34d108be54b9365b1339003a2f14d2867bbda5067243264f52405b86004be33a
Maine_Coon_227,images/Maine_Coon_227.jpg,Maine Coon,7,3faaa8e02775c1a11dac1f63422dc50cae4ea3c1583c6fd045ce7e0ef1ff0442
Maine_Coon_23,images/Maine_Coon_23.jpg,Maine Coon,7,ff073facdf7e54f26f861d73bfd982f075996eb6246a42c3c9d8d0f50e1307ca
Maine_Coon_231,images/Maine_Coon_231.jpg,Maine Coon,7,9142a6f427fd9b0e9708173b096635f6a2b0393a17419cb120f76fc900eebcae
Maine_Coon_24,images/Maine_Coon_24.jpg,Maine Coon,7,5cce029b893f08869d54116c998ddf6c6d8941e878a2274495a94d9f4675b551
Maine_Coon_244,images/Maine_Coon_244.jpg,Maine Coon,7,59ef3636f0ac1ba3540a7ea0cbe3f13c82999d02af2621a17cb97b04727367e5
Maine_Coon_245,images/Maine_Coon_245.jpg,Maine Coon,7,b7fb74460c4f8333a725dfee7a2a9a8bce6a4ad1c457a8db9893100544b18c8c
Maine_Coon_247,images/Maine_Coon_247.jpg,Maine Coon,7,8b6d514ba5a40394e75bbb0b90b3141fc7e7d98993cff5ed3e618fa38e599752
Maine_Coon_25,images/Maine_Coon_25.jpg,Maine Coon,7,40ef96f812e27a03d8bd972c5da5242c6e7468847564991d0a8a20a761c68f3d
Maine_Coon_253,images/Maine_Coon_253.jpg,Maine Coon,7,8a645de421c369470010ac6b864f71159be78f983a1a941ac32c5928b8f25858
Maine_Coon_254,images/Maine_Coon_254.jpg,Maine Coon,7,40849a158d1ae86a4620060ec7be37ab321aeea8449a5a35367bbbd4a51d622c
Maine_Coon_26,images/Maine_Coon_26.jpg,Maine Coon,7,e83a001ac9fbaced50db164ca9473ab33762293e1f33e18051c8e6d626e391af
Maine_Coon_262,images/Maine_Coon_262.jpg,Maine Coon,7,3eb8b1bf18150c98ee666336f0738cbaedc63849d5350e61afa6fb248d45b9ea
Maine_Coon_264,images/Maine_Coon_264.jpg,Maine Coon,7,a8ed47d5c27f491fc5edc6f10a56868bcf13adf9fc9b50b0a706888015acb60c
Maine_Coon_265,images/Maine_Coon_265.jpg,Maine Coon,7,a3c4360e0373b39c0ea83aac5ed96c9d49dbd64a7f3e82e4ea2310c62c9a8fc2
Maine_Coon_266,images/Maine_Coon_266.jpg,Maine Coon,7,9ef3e70b45979c59ca7b87a60715381652f2ac6cdd7e9a13dd7f8daf397d3be1
Maine_Coon_268,images/Maine_Coon_268.jpg,Maine Coon,7,d325b6453cd78345c017e66ed607c2a1222f8d2ec3e9144c70f3cd2e10c00723
Maine_Coon_269,images/Maine_Coon_269.jpg,Maine Coon,7,395aaee5b95b25d1972f16c7b18953f40736bf011e6c4820e86b7784e55b9bda
Maine_Coon_27,images/Maine_Coon_27.jpg,Maine Coon,7,3597ac2234249192e00025c24f56862aaf91a851d466bb49446752d93b4964c3
Maine_Coon_28,images/Maine_Coon_28.jpg,Maine Coon,7,e136d70ab8c1b54a4cc77b86224a7786e50e219fc55b46c8a48efdacc2e058f0
Maine_Coon_31,images/Maine_Coon_31.jpg,Maine Coon,7,856425d65e9f0c13e92cf6f0cce5ebe9d927e4b8425c58ae7c1d7d1c2c3d8ce4
Maine_Coon_32,images/Maine_Coon_32.jpg,Maine Coon,7,87cc6835c5f790a8165c31698ee3720ca15649e8e9d31951dd710a53a49536f8
Maine_Coon_34,images/Maine_Coon_34.jpg,Maine Coon,7,98b17eedeedfdb5c7143aaa68f98d54901964c1ce289df7b8cd617ec8cba96f3
Maine_Coon_36,images/Maine_Coon_36.jpg,Maine Coon,7,53cd4b5ad4e0c4f214ebf0dbe1dc7ad2a40ec2008783f2020d3baf2d0e91ffdf
Maine_Coon_37,images/Maine_Coon_37.jpg,Maine Coon,7,5f52a16b446846d1cc1c937d521df5c32deaa2da849351a3b35de6afc8fa4ab6
Maine_Coon_39,images/Maine_Coon_39.jpg,Maine Coon,7,0a6cd29647aa919ad3b45991eaa6b38312b1381776d7ac77077155794e4532b9
Maine_Coon_41,images/Maine_Coon_41.jpg,Maine Coon,7,6d2072539df4dda6dff9c24d1a36a936759e26c0a4a1f856d302be6f801f4840
Maine_Coon_42,images/Maine_Coon_42.jpg,Maine Coon,7,6b906cc848255b3aea4e5c12cc07cd79830c391ad5de33a5f931b31572e64046
Maine_Coon_43,images/Maine_Coon_43.jpg,Maine Coon,7,6833c7bb57eb52416d9027ba196fca75c218a8b3b948e8e3be1a1f826c0c4903
Maine_Coon_44,images/Maine_Coon_44.jpg,Maine Coon,7,c584f1f2cf590eb1b16502f9236f30c082a3151710797954b11227c7cc9065ab
Maine_Coon_46,images/Maine_Coon_46.jpg,Maine Coon,7,bdf31c353c6c7b9ef81c799819588fe00abb45472c4b8e99c04e6fe85abccbda
Maine_Coon_47,images/Maine_Coon_47.jpg,Maine Coon,7,2b0312fc2f6dec1bbc31be0db764c932ca91304f28ac7313f296b13d9cf25534
Maine_Coon_48,images/Maine_Coon_48.jpg,Maine Coon,7,35d2e100c1fe5e32a06c8b049fbc9ccc8dab801abf9f78ea4ebb1b7edac7bca8
Maine_Coon_49,images/Maine_Coon_49.jpg,Maine Coon,7,d892b5ccd6f1524a015573632ca52422782e8f810a3e775e09e9b3ecf47b1ec1
Maine_Coon_5,images/Maine_Coon_5.jpg,Maine Coon,7,0d44d31f1629e3e28acf669ece5deece21fcf61e9b18129db1ce0617a7181dd7
Maine_Coon_50,images/Maine_Coon_50.jpg,Maine Coon,7,6e2ad59e30fbc024d2c5e81cb88324c51e60063e2468fe122531ea999add297b
Maine_Coon_51,images/Maine_Coon_51.jpg,Maine Coon,7,1ddb971e834dabf5289bad23e7cdc13ba9a1fad82ddd3ac29278997b9ac032da
Maine_Coon_52,images/Maine_Coon_52.jpg,Maine Coon,7,a8fc728de340e607b1b8ee1f1cfce7eed927c892a4d4825e104673e1afa51f2a
Maine_Coon_54,images/Maine_Coon_54.jpg,Maine Coon,7,5a844a30e2ca1555c3569e5af6979a5c731e5c21ee4e328d65261759909a8607
Maine_Coon_56,images/Maine_Coon_56.jpg,Maine Coon,7,1a551eae92089bdb90644677b80d4cc1f9a621d82be91bb9757d58e65a5b74b6
Maine_Coon_57,images/Maine_Coon_57.jpg,Maine Coon,7,3f3494de5a8bdac2282c76833708a8e3499329931816c8aae4736ed09b4ec2fd
Maine_Coon_58,images/Maine_Coon_58.jpg,Maine Coon,7,384697ea045a14c74b01704cdb96b502c03f33a22c4b1cd33c0cf834fb9f8ca4
Maine_Coon_6,images/Maine_Coon_6.jpg,Maine Coon,7,4a9b843b40337b8aea72086d061a2b9b32c6f8309fe90d728b042d981c34becd
Maine_Coon_60,images/Maine_Coon_60.jpg,Maine Coon,7,f72ba0e3ef30e88e1cb85ed1f753362d4170efff07574cce85b78bb37d7f12a5
Maine_Coon_61,images/Maine_Coon_61.jpg,Maine Coon,7,65f07e4cc655d8cf1f53267c69fd92f3efed45cbf64fbcabbbcc40ef47877626
Maine_Coon_63,images/Maine_Coon_63.jpg,Maine Coon,7,59ee69a272460759ab8158ff3b7d4e85cef35a8ad66f6c8994ad70df3ba68070
Maine_Coon_64,images/Maine_Coon_64.jpg,Maine Coon,7,1b65c7f14a04a950f82a148ef799cc8209caf1abce01cfea097a26a63eb53723
Maine_Coon_66,images/Maine_Coon_66.jpg,Maine Coon,7,a274565fe22276328764b0d40912b8d897c084298825deba4275303f1c9875d1
Maine_Coon_67,images/Maine_Coon_67.jpg,Maine Coon,7,d6870a1add3d579a9bd4dcc684683b2b441f5bede120c95edfe2bbb1dd061ee8
Maine_Coon_68,images/Maine_Coon_68.jpg,Maine Coon,7,c43c9a3999c43ede987309ef6a9dfc4be3e81c582681bc55c22fac5b1f64a615
Maine_Coon_7,images/Maine_Coon_7.jpg,Maine Coon,7,1a0765aa005aea056816304d88ea9d0a259c4e68622d5c60605bbf0c8d6223a5
Maine_Coon_70,images/Maine_Coon_70.jpg,Maine Coon,7,e716aa9b4a288da05b1fab36cf9840373f5a9e20f0346d8875dfb24d7958b634
Maine_Coon_71,images/Maine_Coon_71.jpg,Maine Coon,7,25511a3a774520871905b44d76c7857f9fea37dcf5fbe242c93554e887d20299
Maine_Coon_72,images/Maine_Coon_72.jpg,Maine Coon,7,01c234b4174d0446e5dffb8b92906098f902f39f02789a673a33544027da65a7
Maine_Coon_75,images/Maine_Coon_75.jpg,Maine Coon,7,c29a7cb83c8a4cf4a3dd3d154244606e5f220282c936acce5e0a1dd50e710813
Maine_Coon_76,images/Maine_Coon_76.jpg,Maine Coon,7,c0bb3bd50c72a1313a4f85895fae2051619a3a2187c788ecb2116ab950bd33ec
Maine_Coon_79,images/Maine_Coon_79.jpg,Maine Coon,7,08f10b19058242ca62658b198585c542d143b024d656ba05b0809e271d721915
Maine_Coon_8,images/Maine_Coon_8.jpg,Maine Coon,7,00cf5eafb5209ed18c9ebd89166248bbf10eefd98c5b3b1b8ee6fa84a4854fa1
Maine_Coon_81,images/Maine_Coon_81.jpg,Maine Coon,7,37ad85219b491ff0842e774eae606ff5e2ba45e887dc5674f5c9b7df47b02005
Maine_Coon_82,images/Maine_Coon_82.jpg,Maine Coon,7,23fcb13f3f8221a889ab5dbd2661c5876176e18d17d88740c84bce42f13fe050
Maine_Coon_83,images/Maine_Coon_83.jpg,Maine Coon,7,5899d76aa3fb34ce43a16ef5b743bad8b66efbff48368d95613b3d6a20a85391
Maine_Coon_84,images/Maine_Coon_84.jpg,Maine Coon,7,82fd81e2cee24ed3f6dd8485a6cfa3d97da75f2891890d0f204f336c3411704c
Maine_Coon_9,images/Maine_Coon_9.jpg,Maine Coon,7,7c19713b14f84551a3730ad39ec3585f0733574bb5aad1f2fa3f3022f3748c0e
Maine_Coon_91,images/Maine_Coon_91.jpg,Maine Coon,7,231b506ffb651e2df1b50a499d6938eb98d0eded8bd359af0b20576ff27908d8
Maine_Coon_92,images/Maine_Coon_92.jpg,Maine Coon,7,2963acc5416d8f1e6aa6588765e23b46c6c0ed3ef0789fadf6af1e9f6d605599
Maine_Coon_93,images/Maine_Coon_93.jpg,Maine Coon,7,73e7f3f01a92cef0d1b114ca310fa279202f3f9677592409a2f74d36da3f9bb9
Maine_Coon_94,images/Maine_Coon_94.jpg,Maine Coon,7,0c7fc745b90455c424b7f01bd62b500c3119fe91569550921d8c87f5d93baf01
Maine_Coon_95,images/Maine_Coon_95.jpg,Maine Coon,7,f2d1cb1eb73265b2def26868ddf86279eac93fd545bd8fc39ee04e7809e3597c
Maine_Coon_96,images/Maine_Coon_96.jpg,Maine Coon,7,d69fbe88648af66ee81739700b5f538a3a87c92ae32ba4d3b7f878027e8eb170
Maine_Coon_97,images/Maine_Coon_97.jpg,Maine Coon,7,18501a6b735955a41639f4249fd3ca05108d8bda90264fb1b2b4c1fa525d69a1
Russian_Blue_1,images/Russian_Blue_1.jpg,Russian Blue,1,ac3de24f1bc28de79426a9d9c58167cead3594fc6a4b82b3edaf4a23ac3ac010
Russian_Blue_10,images/Russian_Blue_10.jpg,Russian Blue,1,412cfbc6ef7e8574c05ab2cbf90dee2baa4afe7cbd83348ffdf35ff77215e39f
Russian_Blue_100,images/Russian_Blue_100.jpg,Russian Blue,1,8589f6ffbefb44dc70790e95cc4280faaf10028f26884742970d7f0d0c29b53e
Russian_Blue_101,images/Russian_Blue_101.jpg,Russian Blue,1,f7adf613368552a75090b67845de14f561574b1551852a1e8eade0a906b60000
Russian_Blue_102,images/Russian_Blue_102.jpg,Russian Blue,1,253a8f69716c2dba34be6aa8a9ada6c29c9e960d2fdb6a15a70e0149bc4737fb
Russian_Blue_103,images/Russian_Blue_103.jpg,Russian Blue,1,b56625260808da8970f53624d2b20eb247af658d16973f7f1880d27bfc32dfc7
Russian_Blue_106,images/Russian_Blue_106.jpg,Russian Blue,1,7cd5b0a6fbc45dcb2761ac6a1a31d9bb9e7aa56fda6b9b5fe71e9e05e38024d1
Russian_Blue_107,images/Russian_Blue_107.jpg,Russian Blue,1,ece20642ca74520512b89a7d3b46927e5a55d73bd74354397dd34027f0c58b74
Russian_Blue_108,images/Russian_Blue_108.jpg,Russian Blue,1,02cb3819c811be9cba230d8db1d8b9770d46d150b0fc0b7ee55debf1c75ea5bb
Russian_Blue_109,images/Russian_Blue_109.jpg,Russian Blue,1,7a68ecd38fecc13cd6905aeca06e46fcaa44a3fd5f70260f92a9e16c10293b78
Russian_Blue_112,images/Russian_Blue_112.jpg,Russian Blue,1,945fa22ac76ea52e8b439fcd620204fe2ff8d878b997e6edbd507e303d1623df
Russian_Blue_113,images/Russian_Blue_113.jpg,Russian Blue,1,b94f84861e80e34a70b0af043cbe8302bb368978a047ab2f5367c6ab324816cc
Russian_Blue_114,images/Russian_Blue_114.jpg,Russian Blue,1,a9fd8758d640be61b9856d27ffb4e7550857e035bce13846dbbcd970fcc6b4bf
Russian_Blue_119,images/Russian_Blue_119.jpg,Russian Blue,1,f14f2f07b2d8176492b51ca71dddbc61dd518618aede94ba508332e66a61b121
Russian_Blue_120,images/Russian_Blue_120.jpg,Russian Blue,1,154a50127aaa246afca2a625c09b328b79742b5d6362ef370f15d7a1dd5a57a7
Russian_Blue_122,images/Russian_Blue_122.jpg,Russian Blue,1,c08da06e3bc9202d7a5c846bb6df04601c659e6ef3c2a582065c109c1b98f478
Russian_Blue_125,images/Russian_Blue_125.jpg,Russian Blue,1,cc5f64f826e83838e26bb20180b9901e18063c9b71abc77cc3d0503be873eeed
Russian_Blue_128,images/Russian_Blue_128.jpg,Russian Blue,1,deb234d08898b15a2a946f6cf7115ed4e721e778e9eadf525ebf234ff00baf62
Russian_Blue_129,images/Russian_Blue_129.jpg,Russian Blue,1,d2ed876dfd8f9e2d5184c994ad6a522f80767d6e6108862042571ad6713048b7
Russian_Blue_130,images/Russian_Blue_130.jpg,Russian Blue,1,f8a43749783027469d0a259d12855e1cfa35b560411622bc4a9fca5760e161d3
Russian_Blue_131,images/Russian_Blue_131.jpg,Russian Blue,1,b1abc64830455af2c49c6fbf10187784a8766b1dfd2d82c4d7c100380be17eb4
Russian_Blue_132,images/Russian_Blue_132.jpg,Russian Blue,1,8006256f02a360d0c8258dce211fcd8d19470d8b790ca9ad76e9f82def84c065
Russian_Blue_133,images/Russian_Blue_133.jpg,Russian Blue,1,b08943f195e52a543aa56ef43a4d7a5a89da6408df9eb16fcdd0ca2ec2c95cac
Russian_Blue_136,images/Russian_Blue_136.jpg,Russian Blue,1,5a57dbfcf1d1be8ff8f772ac73facbd11c5236b49c8e37d3cd06cf9db75d9998
Russian_Blue_137,images/Russian_Blue_137.jpg,Russian Blue,1,c852a908ee78aa12b8eb8376177f3077795643eb6b09731510595ac4c65f3820
Russian_Blue_139,images/Russian_Blue_139.jpg,Russian Blue,1,20a831c729db4378fbbdefc467b949b432c08425310f150fcf480da5ff1c11b4
Russian_Blue_14,images/Russian_Blue_14.jpg,Russian Blue,1,50f3725b00b6cb9b21dc28c22eea47764d2473edecc34aa4425d605ec6c5635a
Russian_Blue_140,images/Russian_Blue_140.jpg,Russian Blue,1,3c6ba425147853db0621c0bff5ea43c3cc0f4889f87d4156d4a9c7a3f96ddc15
Russian_Blue_142,images/Russian_Blue_142.jpg,Russian Blue,1,958352f26d8e0f7ffed639c1096cf67ed7424c94ef2ab17345fc5afa2cd146ee
Russian_Blue_143,images/Russian_Blue_143.jpg,Russian Blue,1,b2c3aa61bcf548b56a21bdeaea7e16e26f020f81fe4a30ff61bd3ac56b903254
Russian_Blue_144,images/Russian_Blue_144.jpg,Russian Blue,1,7976c01449f8852f4cc503fc5de676d8c986058adc91c46b645e880bee627c2a
Russian_Blue_145,images/Russian_Blue_145.jpg,Russian Blue,1,d5d9b5c1eff762a1e83d48bf409fe709ed6a77198c13bbcfab2fcb3f781e1ef0
Russian_Blue_146,images/Russian_Blue_146.jpg,Russian Blue,1,813c3c864bda086be4da2a89928b411da2ec9d01f206c80221a0fea3d01c7ea6
Russian_Blue_147,images/Russian_Blue_147.jpg,Russian Blue,1,97273e137056867e373d2d40d89eaa446bc801d8ea8d5776637ed009e3db0a6f
Russian_Blue_148,images/Russian_Blue_148.jpg,Russian Blue,1,3bc421f7064a63cd587d83b086f3bb94888d675d60761cf927283b99492808a0
Russian_Blue_151,images/Russian_Blue_151.jpg,Russian Blue,1,314caedecdcd9e803aaa85d64ca29e3b11e1132a02bc3e72dc0980fe794711e4
Russian_Blue_152,images/Russian_Blue_152.jpg,Russian Blue,1,d9c2c291c3c6133bebd2c89e6885497151c8cbbcbbb1ed8807bf142f901eb46a
Russian_Blue_153,images/Russian_Blue_153.jpg,Russian Blue,1,2f008accb39da4c314cc2502281aacb3039db45c0b044073c3a062364535ab1c
Russian_Blue_154,images/Russian_Blue_154.jpg,Russian Blue,1,692809760cf946f2e57f44c2a3e66770715e2c41ed53935858e33482626444c1
Russian_Blue_156,images/Russian_Blue_156.jpg,Russian Blue,1,d1cae9f1326e9d9a23844ee2d64b74a8f54b8cd36175173095781ae098e49176
Russian_Blue_158,images/Russian_Blue_158.jpg,Russian Blue,1,8cff0ef8c2a61f4792b7176da8dd6122707d6173f0650a2fc8001567f33fcd8e
Russian_Blue_159,images/Russian_Blue_159.jpg,Russian Blue,1,9e57eda04689050766c339bc922854eaa71e5732163941a06f6a2ac6f21eb6c9
Russian_Blue_16,images/Russian_Blue_16.jpg,Russian Blue,1,680d2966cb825936556203c2fbdc5ef535a77e72ad980cf186e3434a225ce915
Russian_Blue_161,images/Russian_Blue_161.jpg,Russian Blue,1,52650acecd631d1619e50843680d1340e913b7a88fc5b431a659653e35173534
Russian_Blue_165,images/Russian_Blue_165.jpg,Russian Blue,1,6f364ce63f95f28fe1d3c0ec5684da2ea26eff0dfb4ac3f9a7afe31147451a36
Russian_Blue_166,images/Russian_Blue_166.jpg,Russian Blue,1,94ccd0fe3c6433f43e1241cebe6f709987e57e950785105ead0c1f9e56571c5a
Russian_Blue_168,images/Russian_Blue_168.jpg,Russian Blue,1,fa999633c62a7cbf99508a58cfd6222f7c3309c2c947618eea72a95412f808bd
Russian_Blue_169,images/Russian_Blue_169.jpg,Russian Blue,1,a317f33d507add56eafb4089f21e72792a1ece3fe71caca8d03320a8c0dc1d2d
Russian_Blue_17,images/Russian_Blue_17.jpg,Russian Blue,1,9940bc10a2869c69d0bcbb7fdc48c232398f109ee410aa34628de6fc76fa89f2
Russian_Blue_171,images/Russian_Blue_171.jpg,Russian Blue,1,138f92eec248a1749c530187a1f490ab7c3ea759079e3ff1c6928a2ebf819b8d
Russian_Blue_173,images/Russian_Blue_173.jpg,Russian Blue,1,9f02bc5a7c63006742df852351813a87b3ca3a1cb842526bec6d4e4ef5883b40
Russian_Blue_174,images/Russian_Blue_174.jpg,Russian Blue,1,83c0d5ada1b8942495b1469118e60c8e3e0ac6d77813005da5742c0deb4cdbed
Russian_Blue_175,images/Russian_Blue_175.jpg,Russian Blue,1,a5858ace4a47299549f3655ea5fa08c02fcf1f84dac38d6b4be09c07623632d8
Russian_Blue_176,images/Russian_Blue_176.jpg,Russian Blue,1,f7b2a533ec6ae169ac8ae8a99fb63a654ae5dcf444d3580812f87d2ca30c1783
Russian_Blue_177,images/Russian_Blue_177.jpg,Russian Blue,1,4f129a3da917465e52c1cb8317b1ee3074a8e7be5c6370b6ab059e2fed2d0c24
Russian_Blue_178,images/Russian_Blue_178.jpg,Russian Blue,1,42eda45a58912d23ec56af21860b2568a4fd2581717cfa84a958442357311ee7
Russian_Blue_179,images/Russian_Blue_179.jpg,Russian Blue,1,539dd3045fa05278efcea4177b09c1915313d02452a6cd1b9487db98cb0906b5
Russian_Blue_180,images/Russian_Blue_180.jpg,Russian Blue,1,60aaff81877f55893ca6994d15b871a35689c35964e62b155f8e809e367e6ca4
Russian_Blue_181,images/Russian_Blue_181.jpg,Russian Blue,1,4269f957a2766bbed54e1fca267f4cff4f5cfcc4926cb93f9ef0af107a79fa86
Russian_Blue_182,images/Russian_Blue_182.jpg,Russian Blue,1,225547eea46dc00b593eb124da36d40a84f03f3d6fc5b6ed59422cd4c72c77f2
Russian_Blue_183,images/Russian_Blue_183.jpg,Russian Blue,1,006e061665cc9c2b22a7cf1ea10562dff2eda672a14558d1bafd07f1b67025ba
Russian_Blue_185,images/Russian_Blue_185.jpg,Russian Blue,1,8e1e88bfcfc21e916bcc1c04b1b436b04b7a24d4b688fcb0e959e9f2425e996f
Russian_Blue_187,images/Russian_Blue_187.jpg,Russian Blue,1,d6b8504bd7952e4a68c1c873e78111f003869ad54c423b9debecade695077716
Russian_Blue_188,images/Russian_Blue_188.jpg,Russian Blue,1,d8ea497128acaa15c749b69ea30fde3fc21a65dfbd267fcbf19798fae6bb3c33
Russian_Blue_19,images/Russian_Blue_19.jpg,Russian Blue,1,a0cadb4a0c69da428cd5eba74caa503531185ba4874764a3f0a1610d2ed70da7
Russian_Blue_192,images/Russian_Blue_192.jpg,Russian Blue,1,3338d6229258e2e6fd390bea46fcac2383be71ddb57489357b87dcf44e03ed12
Russian_Blue_193,images/Russian_Blue_193.jpg,Russian Blue,1,5e8f3bd14fd418ad4328429cc2f084f01730dffcdf3fe228b981c4aef49f5eb8
Russian_Blue_194,images/Russian_Blue_194.jpg,Russian Blue,1,a6cdf5735f12732b2b5034e2fa4a4c145f4edea5e885e546e2c7edb14c5aec98
Russian_Blue_195,images/Russian_Blue_195.jpg,Russian Blue,1,c91d4f6dea0e35f21ef02273d01e0d7d223ae76252f02dbe4223a336e66687bd
Russian_Blue_196,images/Russian_Blue_196.jpg,Russian Blue,1,f2c34854c604a5b776f513521da5fc8226bed100cb28f9c4843e06816ecfe2ab
Russian_Blue_198,images/Russian_Blue_198.jpg,Russian Blue,1,7d9afab6b41f550a24a847a42dad81382972a05515881e1e48dd16ea3631aafb
Russian_Blue_199,images/Russian_Blue_199.jpg,Russian Blue,1,b74465dab38f8805091197c8886371f6f79acea959a7e2f1515395a0af34ccab
Russian_Blue_20,images/Russian_Blue_20.jpg,Russian Blue,1,31c2a2c708c15499fadf3a90b260a2722832fed94e4d8d4fec81f01213f87905
Russian_Blue_200,images/Russian_Blue_200.jpg,Russian Blue,1,995078bffa55b6d931b439f19846a41b36576e60d063e554d4bf6828de2a9fd8
Russian_Blue_201,images/Russian_Blue_201.jpg,Russian Blue,1,9e169852d595b8d39166914b1921c5ebe1d9675f9c8e5f1782de88d54ac2e29e
Russian_Blue_202,images/Russian_Blue_202.jpg,Russian Blue,1,c48bcb3d021812778a9beaa16c104e3fa520b16c7ecb2219ceb347190a50f821
Russian_Blue_203,images/Russian_Blue_203.jpg,Russian Blue,1,e1638b196e8b28fcab4f01133c8d4d94195c5a6c0abebfe78dfede09572c8880
Russian_Blue_204,images/Russian_Blue_204.jpg,Russian Blue,1,80ec50dd4671e000218758db6cb15cb8cb0f538750c5cf62766ed28654cc0aa5
Russian_Blue_206,images/Russian_Blue_206.jpg,Russian Blue,1,bf29b25bf78ef22297601461061698a7846635c24731d6cc95530d94d09f9dd5
Russian_Blue_208,images/Russian_Blue_208.jpg,Russian Blue,1,eb71bc5213d6d093094ef74019df0bf295f94568ad2ccc7d7cdb746a22082909
Russian_Blue_211,images/Russian_Blue_211.jpg,Russian Blue,1,a2bc3fed1e39bc2f22017ab518823ed2fc3e7ca41e874cb23d30242bfea6cb45
Russian_Blue_215,images/Russian_Blue_215.jpg,Russian Blue,1,1d59160b0d6a07a7b570f806d23a8aaf2a8157e4db4c1129c28722ce3f60a996
Russian_Blue_216,images/Russian_Blue_216.jpg,Russian Blue,1,4e4ae4c237b0db5a740205dc6e33341b642ff184c57970e2c08537751e1151a3
Russian_Blue_220,images/Russian_Blue_220.jpg,Russian Blue,1,068f466794486c0e088b09c22aba3a1f267e70033371aac282ae0947469501ff
Russian_Blue_221,images/Russian_Blue_221.jpg,Russian Blue,1,846a17a56960f32df18dec26935196a5abf1aa0a6caa329d9dedb2294cc3b32a
Russian_Blue_222,images/Russian_Blue_222.jpg,Russian Blue,1,7388ebca3637e9357867f89d4ea40908eca0d1e009fc38d77ca7875dfd493974
Russian_Blue_232,images/Russian_Blue_232.jpg,Russian Blue,1,8e113b0b45cb363edf1b27028150b449dfd355587bda006353a891dce7b3f84c
Russian_Blue_236,images/Russian_Blue_236.jpg,Russian Blue,1,ad2b8d301e1d318c48eaae5663f37ef9436fddc284c31be9e4ff1d5308a53c7c
Russian_Blue_237,images/Russian_Blue_237.jpg,Russian Blue,1,1f44d3f81268415aee036416a3d0e2192740e25332eeecfed7e27c7f192f9ede
Russian_Blue_239,images/Russian_Blue_239.jpg,Russian Blue,1,08a0988eaf0a1d9ab372423723798b01e1962a4d4372fbc4a92d863eae2a77d9
Russian_Blue_24,images/Russian_Blue_24.jpg,Russian Blue,1,f71ed8ac0cbaf0e3540b0636e2c934157c885c3e0c9db5aee300789ff3fa76f1
Russian_Blue_240,images/Russian_Blue_240.jpg,Russian Blue,1,beac5f6f64efcdb6078ed0a501e81db42cd87d934fb68372d0c1be4b37f75116
Russian_Blue_242,images/Russian_Blue_242.jpg,Russian Blue,1,d698f346fb56c75eb6ca6312a421e9430e982752df94de2c01c1171d4361106c
Russian_Blue_244,images/Russian_Blue_244.jpg,Russian Blue,1,29c1cfd071f515a71f09e7f6f3f5bd57485f959b82012b741b6ebf9161e8d002
Russian_Blue_253,images/Russian_Blue_253.jpg,Russian Blue,1,5713e10c1da25d434ba22e795ba3ed636e7ec746d008979efc06283e2ec6c665
Russian_Blue_258,images/Russian_Blue_258.jpg,Russian Blue,1,01d80624d7674485d6fa037a7bdccedd37c507c4177b056878764dcc6e25cea3
Russian_Blue_262,images/Russian_Blue_262.jpg,Russian Blue,1,cdd4b91d1b33b26ceb45f52903d2021b081b0127bc6ecb5186bb7ed0b656b50a
Russian_Blue_263,images/Russian_Blue_263.jpg,Russian Blue,1,8b8b0b515ee31f556b94971b9acbbab806d8fb8929286a8c25ce1ad997a38f30
Russian_Blue_27,images/Russian_Blue_27.jpg,Russian Blue,1,366e0f2b5a296bcf06642df2ff7cf5372d8ef9ef45f053b55d03076330003e8f
Russian_Blue_28,images/Russian_Blue_28.jpg,Russian Blue,1,1ed449b2506e4f1f047e0b86ef244ed9ccc83ef9d5fddc9d43bb108ee506d6e0
Russian_Blue_29,images/Russian_Blue_29.jpg,Russian Blue,1,1c92a46e5ce23208baf63d36a5869131ff2f3f5096e788bd31353179c8422b15
Russian_Blue_30,images/Russian_Blue_30.jpg,Russian Blue,1,4f26bf5d0672f6ec97fb264d5e3af383d3267ee4a625a396ac8fc455ffa28bd6
Russian_Blue_31,images/Russian_Blue_31.jpg,Russian Blue,1,22046b9e4a202928351f0c400de3b47cf57c582a8967f5b128a8edf60cf5c415
Russian_Blue_33,images/Russian_Blue_33.jpg,Russian Blue,1,a18543e0974b019f68384f9f6c5ce38485f2953a11c20b10a3d1c8e66baf4472
Russian_Blue_34,images/Russian_Blue_34.jpg,Russian Blue,1,bbcf367020119ae21dcb2c9646547caa1d9216b2581377365beb5e2e37433762
Russian_Blue_36,images/Russian_Blue_36.jpg,Russian Blue,1,efe3b1ebce4e151ebc21f142e748d9c30c23600796bc07c07524cd30fe0ae50e
Russian_Blue_38,images/Russian_Blue_38.jpg,Russian Blue,1,b3f54e0bd6882b05f755a861a73b8d93f1cef11ac97c78486817228029236d43
Russian_Blue_40,images/Russian_Blue_40.jpg,Russian Blue,1,7a50f05e912d040413390f677f5109b0c28e1cbd3a5d445356ff6cc0958a69e1
Russian_Blue_41,images/Russian_Blue_41.jpg,Russian Blue,1,0d90944619cefa53a0d13e8f4fafdd4bbf8ec839c158cdcf3a466cf55fe30e41
Russian_Blue_47,images/Russian_Blue_47.jpg,Russian Blue,1,ef156c5bae3fb33f1b141bd977b4d377bc853db59e14792625463acfd447e562
Russian_Blue_50,images/Russian_Blue_50.jpg,Russian Blue,1,9ee1ee3527946609f0a7cf2a3633041dc49cd03f82d206f78276413f9514ff8e
Russian_Blue_51,images/Russian_Blue_51.jpg,Russian Blue,1,6165136796e902f0364b0bc8144a9a794ed9e3ca584473959263cd07ea4df2ec
Russian_Blue_53,images/Russian_Blue_53.jpg,Russian Blue,1,0025287d4b15f314c4e79ca972874941d85ca7b2430fa8d288618da6ce900e79
Russian_Blue_55,images/Russian_Blue_55.jpg,Russian Blue,1,27dad765ca3fda7a3a46e5326a95345b7c03847d3a719afe1718c951869c1b2c
Russian_Blue_59,images/Russian_Blue_59.jpg,Russian Blue,1,11b8b54cbe2f357cb5d07b9840fb4bce6e32810ee1fa545e95c11bc50af16670
Russian_Blue_60,images/Russian_Blue_60.jpg,Russian Blue,1,4a816b0ddc95babe697698cd0393905a1cd7ebc4382a645b6f8ee259fa809bfd
Russian_Blue_61,images/Russian_Blue_61.jpg,Russian Blue,1,418b3ffec87918e042411e85ac6484dd0d18f993f562d7fe60f25687f1a5d10f
Russian_Blue_64,images/Russian_Blue_64.jpg,Russian Blue,1,d3efe3a773b423878d8fdb911b6147655990d950c37e177e42ec6e38d3db6936
Russian_Blue_66,images/Russian_Blue_66.jpg,Russian Blue,1,d84b1691690b317537dd7333569a0d5b2f72d8007ecf90ae1ec7d18ad3a74540
Russian_Blue_67,images/Russian_Blue_67.jpg,Russian Blue,1,cad37127cf71db8879d6828d5f296e8ddd7d5002f659afe04350cd8d3bfd0e80
Russian_Blue_69,images/Russian_Blue_69.jpg,Russian Blue,1,93c435d21f9fe6bd815292f207c486bcbfe1f82395785b5ce739c06c1f942163
Russian_Blue_70,images/Russian_Blue_70.jpg,Russian Blue,1,41a8e8a5d3e7d74879d819bea96f9684f9450948c29f76cdc434378cccd20702
Russian_Blue_71,images/Russian_Blue_71.jpg,Russian Blue,1,e232042187759b796743305f48424d8c5de8e8d1fee8483d6f15a7de3cc35834
Russian_Blue_75,images/Russian_Blue_75.jpg,Russian Blue,1,a389a25e05bfd51f629046ff1ed3fdb408ea9d06d10310ec73b5b07bb1dd4d8e
Russian_Blue_77,images/Russian_Blue_77.jpg,Russian Blue,1,93559d5a65d2a2a1b7bb40bf878c04bff738d3762fe2f31a6a08f91edeeeebcd
Russian_Blue_79,images/Russian_Blue_79.jpg,Russian Blue,1,df6c6dc7327d2a0dba84e393224f7b2e8664322adc147214079a8d0750e13f50
Russian_Blue_80,images/Russian_Blue_80.jpg,Russian Blue,1,993901e4ec4f8c487b32e99e31b125b1fb86d8cfa9c7abf10397dbb9d62a095e
Russian_Blue_82,images/Russian_Blue_82.jpg,Russian Blue,1,9eb8d13911f1cbc900ebd98ce62ab10854271e7abf9c49d8e6db322b22b24f01
Russian_Blue_84,images/Russian_Blue_84.jpg,Russian Blue,1,4a25cb3920ed5d2e20e3be953f83ee8f9ca642e36b270383ed1eb078cf4bdf77
Russian_Blue_86,images/Russian_Blue_86.jpg,Russian Blue,1,2ef82c235788dc3fd32ca58299646a8391ce852be08551c4bfe56c791454351d
Russian_Blue_88,images/Russian_Blue_88.jpg,Russian Blue,1,d5e5eb07a714ccd5fb03d18dac14c4eb82043c1a45c7b8f8067f74cda56d093b
Russian_Blue_89,images/Russian_Blue_89.jpg,Russian Blue,1,0526e22bdd4a4900bb5a0661ee7ab6ed4f7b46188f6699f89f27306bb8079eaf
Russian_Blue_9,images/Russian_Blue_9.jpg,Russian Blue,1,5f3f313f2a2a9a80a430cdf0566f3725abdc86f538c5f6f5fd162d7e8c872164
Russian_Blue_90,images/Russian_Blue_90.jpg,Russian Blue,1,ee4016db086549b7ebc33009a7bab8f3a8f63cad90ffb8deba721931b835c71b
Russian_Blue_91,images/Russian_Blue_91.jpg,Russian Blue,1,0fa1a5eb7d2dec3bc6989e9deb55a36555dcc2f42261547d19c7c9bca6bc9b70
Russian_Blue_92,images/Russian_Blue_92.jpg,Russian Blue,1,a5348760351202362843d39603f8c45c0fccb9d9007ba21f433c464a54f8df0a
Russian_Blue_93,images/Russian_Blue_93.jpg,Russian Blue,1,e9e50fd38d127a0e775f208024b70507b56878b37baad09f4e57064e9ac892b0
Russian_Blue_94,images/Russian_Blue_94.jpg,Russian Blue,1,a101392561ae0af4740a8fdb25f2b9587f863b2554879f05b4141b37c88787b2
Russian_Blue_96,images/Russian_Blue_96.jpg,Russian Blue,1,cef976967b37d6feca63fe1f52b49fbbdcabd169a1c72c7192cf62b4de5a0641
Russian_Blue_97,images/Russian_Blue_97.jpg,Russian Blue,1,575eb4532a1c5862f71bec32ab0e36626e8f9880ba969869c828dea3f115499a
Siamese_101,images/Siamese_101.jpg,Siamese,2,b4e7a78b8175696756dd132483a73f264fbc41ae9b0f72a6f0608103bf3814f5
Siamese_102,images/Siamese_102.jpg,Siamese,2,30db78f55cc665597605295207bd592b94cdf5e7c062fb8532e5dcae91dc9627
Siamese_103,images/Siamese_103.jpg,Siamese,2,af9e86c1c0ab24cc29b70038f34fd95c942fb942591acec01181ebcdf13430ce
Siamese_104,images/Siamese_104.jpg,Siamese,2,fc4ce1c82adc55c1860fb7cff6c05c1822cbcd7d99344f919d1cc40768b9d1ac
Siamese_106,images/Siamese_106.jpg,Siamese,2,a1b6491867921ad211e175a3b75a818b3d46a47d12b1bd97e85c54bf9743236b
Siamese_109,images/Siamese_109.jpg,Siamese,2,961e993443ddfa4eaef73171d635f13306a9ddcfb43266a85dde0b361c4f4d74
Siamese_110,images/Siamese_110.jpg,Siamese,2,2132bdfa372c171c743880c5eb74bee57d2d529fce242a72c2e73208156b4517
Siamese_112,images/Siamese_112.jpg,Siamese,2,723489554eecbe7901cc67dd8fed617739b55999ffbe486fe7d76c544db62485
Siamese_113,images/Siamese_113.jpg,Siamese,2,899b4da360fa76a779c68ae60e4f3f50feb237bdfb615cd09e6e014c018b100d
Siamese_114,images/Siamese_114.jpg,Siamese,2,17cee3d2d9eca99e9c5c3c70d1c36fae638657bc5e4862bb58bb8dff9ff3e501
Siamese_117,images/Siamese_117.jpg,Siamese,2,b57e3faba5ee57fa098b3507cc286e034242f7b0625c3e56e312b81ecf8c26f7
Siamese_119,images/Siamese_119.jpg,Siamese,2,452f3ca4a6d9919030d42dc127e6640df5e4ae72ba4f124ad534a83deba77706
Siamese_120,images/Siamese_120.jpg,Siamese,2,93df3b32731e90bde856ffbe153ad8cf4292c482e03589f57ea7b5285bc27c80
Siamese_122,images/Siamese_122.jpg,Siamese,2,22156d8c1a1b9bf72b9d21dc2f45000b77e7c54e3adbea6713d3cd457193acb0
Siamese_126,images/Siamese_126.jpg,Siamese,2,40554098003940e9d3920ee9e02d5f91c9ca844037c0d5e3b1095aa8f275cf42
Siamese_127,images/Siamese_127.jpg,Siamese,2,ae9ace1d960ae0c18e1eb91b29f22777b4b689bb78235e7f0ad6742e12cbae96
Siamese_130,images/Siamese_130.jpg,Siamese,2,ca7d2f76842206791f37d71fc05c1dbec4c89f140a5ecba1ce314a2eaefcd4ed
Siamese_131,images/Siamese_131.jpg,Siamese,2,77d62a90299596f2bd398789c624bddfef214bc9875c2d3c59c6fde57245993a
Siamese_137,images/Siamese_137.jpg,Siamese,2,b5f5378944f5c68d98b96a35df2bc95815cd1ac5f354e0ab995bab80e760f01b
Siamese_138,images/Siamese_138.jpg,Siamese,2,2d83e4e7e27392e3563d8f83d9481ee3a73630378921bf0b616ddaca026f92e4
Siamese_139,images/Siamese_139.jpg,Siamese,2,d9a7bf5fa94527a4f28d7e05c4756db283546228e56cfb6a7c255e86e723c616
Siamese_140,images/Siamese_140.jpg,Siamese,2,609f4a198c36ae2890c49a4d00ae06b28f002a082ff02384e2b9b0614ed7cb48
Siamese_141,images/Siamese_141.jpg,Siamese,2,6a1fa760b74579498c0ff0f0fb766213a905a153edd671b84360a3735b0ebf55
Siamese_142,images/Siamese_142.jpg,Siamese,2,6e3ec26d79db54187d9eb54670515a55cae1558fecb42874993e5597e24199f9
Siamese_143,images/Siamese_143.jpg,Siamese,2,a3e1a7992b9589bc0ec1e2fdd6e30408771ed3eadbec8ad611156ed41222a7b9
Siamese_144,images/Siamese_144.jpg,Siamese,2,fbffc91784e4b0851a1361aef3badf59ee575bd90a5ac0c7ccf99ca0ceed4f5e
Siamese_145,images/Siamese_145.jpg,Siamese,2,5343c5b46659db58cf4283153e65937417f7354ae9e5c15d752dd4924a48bd41
Siamese_148,images/Siamese_148.jpg,Siamese,2,a2d33c393e229d3538e8148bffc7871820697f26be0292754427add688802694
Siamese_150,images/Siamese_150.jpg,Siamese,2,2eb9e145b607b75fb9c11b2ff0ead8eaac853a518bdfa8bc703bc5a6679dc648
Siamese_153,images/Siamese_153.jpg,Siamese,2,6e90810410c945e9bf47a94c690058efca72e7b755545d38c5af2b9c4f1386f7
Siamese_154,images/Siamese_154.jpg,Siamese,2,df03a229ad3a814b5903f5f39a885bccdef99d27c9409b83a45e7e8d8e939560
Siamese_155,images/Siamese_155.jpg,Siamese,2,2dc27d5d6a65a91c6e336046a49e6d712159065a2dd29abf4b38e7e133e6bdd6
Siamese_157,images/Siamese_157.jpg,Siamese,2,3fa8750eea1be9ca1225b66923beae3fbcbff77d89e72e83985ec4b56ba3d603
Siamese_159,images/Siamese_159.jpg,Siamese,2,5dcb4e4fe82c79bb1a813028e8b33d222d84598a40441f7f7dfdcc697a77d9e7
Siamese_161,images/Siamese_161.jpg,Siamese,2,c7a35dd06fcc92804a73e9a231688309d842490b98b50976802fea26cab8e216
Siamese_162,images/Siamese_162.jpg,Siamese,2,99da080f3b6e95beb2faab6a6704ee79d4f557a4030e496cfc30f2f82a433868
Siamese_163,images/Siamese_163.jpg,Siamese,2,bd7405f0a8922e97dd1890b6ec0392af0e2c5ccc7c2052d848c23d1e51bf67f6
Siamese_164,images/Siamese_164.jpg,Siamese,2,26d3023e992427fd2547f2c2fb2b647fbc861fb82bdcd9b3bfd5934935c0690e
Siamese_167,images/Siamese_167.jpg,Siamese,2,a0777fd79ca4789998b43260e57389c0b6f6d1c8930d6f2d9b9a7d145651bd06
Siamese_168,images/Siamese_168.jpg,Siamese,2,0298369b3275dc2e67d8da8932a2e88ad1c12e21b3d5c3e887543f111f1536d7
Siamese_169,images/Siamese_169.jpg,Siamese,2,f45b0d02087f726c0cffdd9eef5bb5d845c7361b99343f209847e6766a60a622
Siamese_17,images/Siamese_17.jpg,Siamese,2,8c5f9ce1bb9c15d4ba8915b1f12821ed779dc5529ce8d61f4b037888613b03cc
Siamese_170,images/Siamese_170.jpg,Siamese,2,1d8e1c96846882a9242f0975818dead7bc5bbdc9f67e4ef16863d2eedcf8a6c7
Siamese_171,images/Siamese_171.jpg,Siamese,2,7aa73a7cd69fe1d4e998272ecb7e75898dcfc4fb97de32388ec228edc6aa68fa
Siamese_172,images/Siamese_172.jpg,Siamese,2,68c0917a4e2874b241264fe778c5fd62e4ac7a631977a4e49131e666867feab8
Siamese_173,images/Siamese_173.jpg,Siamese,2,188fe120a968a12019796d6bcde04bde587ae56f4639e22b5649eefa46e734e6
Siamese_175,images/Siamese_175.jpg,Siamese,2,191bb320a69c16a6d5d210266fd298b2d9078ccc3689b6ddd2dd718a7afba92a
Siamese_176,images/Siamese_176.jpg,Siamese,2,593316a0ac886c06e897b9fe4e6171f0c46c66b42800277196fd123b8688da2c
Siamese_18,images/Siamese_18.jpg,Siamese,2,b37368a2e6e9503a42f0ea2614616646fc8055741db955cc55be0cabb7bcd65e
Siamese_180,images/Siamese_180.jpg,Siamese,2,bb1e24912a96490088a15898d02bfdf92b0b96d05a90d87a9245383d4ac0fa62
Siamese_182,images/Siamese_182.jpg,Siamese,2,5fd7a96e7b05f56a5a7c04455c11d18f79fb53a0587914da0819812ae6af09f3
Siamese_183,images/Siamese_183.jpg,Siamese,2,3da77cf0f20b3a0274129a03ecad1f80632a5b745482366a8732901a76467840
Siamese_184,images/Siamese_184.jpg,Siamese,2,d88cd9c19e582cfb817d4db046d206e947c6e52a8d0ab3f46a44dce6d983b76e
Siamese_186,images/Siamese_186.jpg,Siamese,2,6d31290e55f566593da17420405b389289024bd0efee7ae0a161c53c882a6597
Siamese_187,images/Siamese_187.jpg,Siamese,2,ca19fd170106ebbafa7e9ca72c4163d6562787948fe16b977010d55bc501c12a
Siamese_188,images/Siamese_188.jpg,Siamese,2,df913f4947f3ade9699dac4070fe95a6097b9b5f7847aa9411c02d9dcc8d1aea
Siamese_19,images/Siamese_19.jpg,Siamese,2,9ee47ef7fe54ab13871d9eaa0dbe60995dcb56476ce6d41312ff30734d8c76c0
Siamese_195,images/Siamese_195.jpg,Siamese,2,3bec67acf3a36201312b6af1087f1dc3d801f53572541e26679a3a62185bb9d7
Siamese_196,images/Siamese_196.jpg,Siamese,2,3aff7a4755493056cc9405f3d3c8406b772e5c3202dc39617b28b716280dd98d
Siamese_198,images/Siamese_198.jpg,Siamese,2,adbe70fe53452c3fc019e6d1d26bf902587fecc077d42798e5133c7d979d5881
Siamese_200,images/Siamese_200.jpg,Siamese,2,cd32fd92b0f650daf46b863d50e5580a81867663eeff79f5b1106b31ddcc5a42
Siamese_202,images/Siamese_202.jpg,Siamese,2,2a5c0613ae901788d815d0f646d9c05cd798f21705382e89a6d0c729909d02b6
Siamese_204,images/Siamese_204.jpg,Siamese,2,5eac4aef34bb01de9ec6ecd344d83ee414dc7b53f0ecc51aa9100e682c60bca6
Siamese_205,images/Siamese_205.jpg,Siamese,2,346f8894c5fe365929383f2fa93d681e47f89cf28cdeb998266ef7da39195fd4
Siamese_206,images/Siamese_206.jpg,Siamese,2,c87d77c2b0f62ec21db5ae24e792dc698799c9a63d85b311a137298bf991f31a
Siamese_208,images/Siamese_208.jpg,Siamese,2,5f20245ef6ef9c38305ca1e941dc924898ab6f2df0e8ab9820d8fe0ffcc49cc8
Siamese_209,images/Siamese_209.jpg,Siamese,2,bb4ec0d6ce5349d76e1f6c319c248614d38d070226f1edb934fe7267faf1eb7d
Siamese_21,images/Siamese_21.jpg,Siamese,2,7d9e4f2b20c67f64153b4dfda62e93f3b915277e6bac9e3dc6be2a1a8856f730
Siamese_210,images/Siamese_210.jpg,Siamese,2,8be82a1af5d831247fda08bdc339c62d1dce087200605cbf14248a0c2f27bb80
Siamese_216,images/Siamese_216.jpg,Siamese,2,cdb460567988f28cc7d7dbf54e4996e9289000141348db8a72660a930a2f6a46
Siamese_22,images/Siamese_22.jpg,Siamese,2,227da7dc602432f11dabc9b6ce68d63224ad7f12ae4d22c8a9e6f351f6d5bb14
Siamese_222,images/Siamese_222.jpg,Siamese,2,38349f335a582ad9339ec5031d27f4c1a1ac3d51fe64cac972dd50fe2525afd0
Siamese_224,images/Siamese_224.jpg,Siamese,2,b0fee855f34aa717ccccb9fd2feeb3ab4572db38e2b659e7ac9816a994764bae
Siamese_23,images/Siamese_23.jpg,Siamese,2,77cf3c400f05a25bfd0220dd4f821df910024c29651ce3ea5ae26d3043f54e1d
Siamese_233,images/Siamese_233.jpg,Siamese,2,c3045b768f66f76589045944154071abbebb117365d8270acd0e699cac64d773
Siamese_234,images/Siamese_234.jpg,Siamese,2,5cabd0d013e2c8b2106d2bc8363cbb1075080d9df062784bac2c878f97502ae8
Siamese_237,images/Siamese_237.jpg,Siamese,2,08618edd81be12a9fa9e86dcc909d0d844b277c1f559eb6d29fbc70afed766a7
Siamese_24,images/Siamese_24.jpg,Siamese,2,3ca6a6f4d99ff081d72abf0c044bed801fcd0d58cc2fbc483d7c752578e2e690
Siamese_240,images/Siamese_240.jpg,Siamese,2,da6cd62653155424ec4539d7a43d6e44a621cb8a9c2dc6b602971b7c2ac48faa
Siamese_249,images/Siamese_249.jpg,Siamese,2,d7b2d8f45ee72580df0c34b499f9b2ffbcf3e8fde9f8732001c6549f782a19b4
Siamese_25,images/Siamese_25.jpg,Siamese,2,34e68009c6dd24f88a54786256e3dec0b44366fc4d6c22b3a7be6d9a4dfe4ff5
Siamese_254,images/Siamese_254.jpg,Siamese,2,2b421c7b2faa0e16b5ebf8a0c5deec54066f548921bde867de67c47be9d9916c
Siamese_26,images/Siamese_26.jpg,Siamese,2,c76b63b489a8e01e9bb591e70d0e5ec3ea1e61ef68f9e6b84e6421d0c9a5efc9
Siamese_27,images/Siamese_27.jpg,Siamese,2,4166c16b3cf1897a17e196712bd229ee8ecbd2fd1960883551ac5b4108a93c44
Siamese_28,images/Siamese_28.jpg,Siamese,2,0fcf75d208312a8dca651f171b84be0f1bdad74251ade53dad9488a297641600
Siamese_30,images/Siamese_30.jpg,Siamese,2,338984e91a3e818101f181495071c03184bcf3a36db069fbab7cd0ec1a4e8436
Siamese_31,images/Siamese_31.jpg,Siamese,2,a306e8880a42b52da982034a3601ec3d08a725299fe99e493c6950962fdf7228
Siamese_32,images/Siamese_32.jpg,Siamese,2,4312369d4e3c628b64d11da3a410c21710375e5f2c5dfec3f25a3a929176807a
Siamese_33,images/Siamese_33.jpg,Siamese,2,0abd1775db2c5321b6a74282d4a36daffc8cb5ec92c484abd568b986d9abf475
Siamese_34,images/Siamese_34.jpg,Siamese,2,aa9b60de62e63e164ba2de35deb5f3ce912ea2aa8d5f929a3e88a3d6713a8c25
Siamese_35,images/Siamese_35.jpg,Siamese,2,95b9d72eaaa7fa5d0c5165e9d6f409d85fdf32485c5209704e55fb8b16c23744
Siamese_36,images/Siamese_36.jpg,Siamese,2,84a4ab92e9d9459b0314608fd7bc1005c118a91ae3c8f7fe123e176d80823ece
Siamese_37,images/Siamese_37.jpg,Siamese,2,d756ee92645e32272c922de4d8b09e714dd92958d12de7735a71d92cdf84c25d
Siamese_41,images/Siamese_41.jpg,Siamese,2,d3b1088cf469a3e9dbfbf58ccf076762e433cba0b0232ad2b8d345d54c8a5a0a
Siamese_43,images/Siamese_43.jpg,Siamese,2,fcdc9d0456a7c64a455c292401294f78ae5da2b3225ab16d667f8d42c591c648
Siamese_46,images/Siamese_46.jpg,Siamese,2,5673aad00ef0eb485a7c3770494391a9761d093b0e813e4c1f95491bcb043cbf
Siamese_48,images/Siamese_48.jpg,Siamese,2,c36e9eef37575f63e9f55393c6ba4e35adafc68a333243b20db1ff21f9f5366a
Siamese_49,images/Siamese_49.jpg,Siamese,2,e4f8143c7f0b0f922678de4ffd6678d24b74313853b714924f8b61ed882c805b
Siamese_5,images/Siamese_5.jpg,Siamese,2,082a3c2c39fe843ac3be26bc4efe49bee97c4442eb530bdb2de7f5e203de778c
Siamese_54,images/Siamese_54.jpg,Siamese,2,bf89d9a1b1fda53069d3e1c77435359ef2e872a9b2859b85f45e66cfe48d41ac
Siamese_55,images/Siamese_55.jpg,Siamese,2,f47d23556cd72b4f07d1fee05dfbd6ff090469e34a1b6ccb54bc8a45eea47456
Siamese_56,images/Siamese_56.jpg,Siamese,2,36ba541f398dcc6dfc13b1f2319791fa5030a0f342269310b8bd49aad7dc1390
Siamese_57,images/Siamese_57.jpg,Siamese,2,888ff19c5c904c5ddb13a254bd21e4ef40a0e38c0a3cf18ec8951b7a8983f47b
Siamese_58,images/Siamese_58.jpg,Siamese,2,83435f536c7002596fd9f21cc1316bcb68af278c289ed46377ac9512830deb16
Siamese_59,images/Siamese_59.jpg,Siamese,2,d4aa7fadb653db8581a8d22631ebb8f646b7c100bd8089c1ece60d31fd242da5
Siamese_6,images/Siamese_6.jpg,Siamese,2,5c226e7501635211b0d4a650af1ae0036a6779f371885c52f8ba2a3c842db5b0
Siamese_61,images/Siamese_61.jpg,Siamese,2,ee57f8cf28029a9a04de6afb694d0dc8a0ae82d67d5b0a438bde94e32b37c676
Siamese_63,images/Siamese_63.jpg,Siamese,2,0c0ca82f968baedb510405009de3f5cea949d0721a1e613df06653c710406de7
Siamese_65,images/Siamese_65.jpg,Siamese,2,7249f3ad433e4b8064be107b1b8c642a9e5750166662faba0310307f387f829a
Siamese_67,images/Siamese_67.jpg,Siamese,2,64a92827182b455c1a63623398142f2828f989664c478134cd8ee5c2a2dc41f9
Siamese_69,images/Siamese_69.jpg,Siamese,2,cb4096801a9e2e8bcf14335abdf442535d0eb2129ef14553cb48cc47464bfa64
Siamese_70,images/Siamese_70.jpg,Siamese,2,457bc7000f2607047a226a89e178d82860d42b1b02af3d20371939c5388d3c07
Siamese_71,images/Siamese_71.jpg,Siamese,2,d94921c16e5779be7bd34be7f4ab527838a871b9822614bfea34b8959c2b1a2f
Siamese_72,images/Siamese_72.jpg,Siamese,2,3f37e1022fa107fc530512b9091ae16a8508bce8c3aa4d529f8bfe0eb936f3ec
Siamese_73,images/Siamese_73.jpg,Siamese,2,d219cdb197d1c76948e36677c6a0b57f359e5fd0ffd28295dbd03c71ceb2fc46
Siamese_74,images/Siamese_74.jpg,Siamese,2,55098bea5e1c671d8820bc4ed8bcf4d9d2e84943292915b98865d4ba8301d34d
Siamese_76,images/Siamese_76.jpg,Siamese,2,caed0ab6b4a47a35758c49bef9a7ae1927eaae6cc74c9fc14242c28c9aa1a88b
Siamese_77,images/Siamese_77.jpg,Siamese,2,aa63f862df236bcf4f44505f82878c0f8dd3db254ce217437fb1b9a9882150cf
Siamese_78,images/Siamese_78.jpg,Siamese,2,6fbe01720e8025cca9e5599d269f2b0f1b4fdeb8a33b9c51dffb9bf163dc8482
Siamese_79,images/Siamese_79.jpg,Siamese,2,dea17f87de8462a3cdac76ed4ff7454d3a6adeb6615ca1d757a915e8b3ba002f
Siamese_80,images/Siamese_80.jpg,Siamese,2,5fe4753b0c1fa56e4907cd5b282c8a3f9aeb7e218a435f3c1fa7f406a8c8a631
Siamese_81,images/Siamese_81.jpg,Siamese,2,21d954d7bce655de1fb625a6221aabbdfbac58a21af05710526d87fb24fe9a49
Siamese_82,images/Siamese_82.jpg,Siamese,2,c09c310a8eeda80d1c94e79b793abb3c97fff10fe9aba6e89e6644285ad92b34
Siamese_83,images/Siamese_83.jpg,Siamese,2,bf8fbcc9890f088bd4f891fad922a2000a57d849b59ca35b6638cad416f8d4c6
Siamese_85,images/Siamese_85.jpg,Siamese,2,14fcbb421442982f74cd9bb308f9cc49132e77816aaefb16a5aa601b1ffd3ff6
Siamese_87,images/Siamese_87.jpg,Siamese,2,da3cb45a5424dea6795550f646288131425f3477729c45864bd3e156c1fe83b3
Siamese_88,images/Siamese_88.jpg,Siamese,2,51bb83e363722c0c75d74f1cab975fea2f5523271d64e1e61eb8a2d9a001023b
Siamese_89,images/Siamese_89.jpg,Siamese,2,5c1b7cfe66d28c578cb33c00dd609dfccf4aec490f20ca3a9d29fe688112704a
Siamese_9,images/Siamese_9.jpg,Siamese,2,2381a6aba1e9f59ea6b8a06b41d3a83fa1229d2d3be8224039e68b3777228c1b
Siamese_90,images/Siamese_90.jpg,Siamese,2,8317e2290ad66a2966c081d069aea327510f0eee83419ff9e7c1cfd82a9586dc
Siamese_91,images/Siamese_91.jpg,Siamese,2,31700a8e8562461ae4b5883c0611b829f5a982885eecf52827644dbd47380619
Siamese_92,images/Siamese_92.jpg,Siamese,2,764d4f03183e013da72d512c2820f55b2215fb259e280a6be82e374034a1f7aa
Siamese_93,images/Siamese_93.jpg,Siamese,2,9912cf0fc77a717a8812e0a4bb74a550ff7e74c35eae097775b374769d3eeb79
Siamese_94,images/Siamese_94.jpg,Siamese,2,19191c593d5dffb6fbc4d661a36ce264446d3ceb3134996d7195fff25cb9d48c
Siamese_95,images/Siamese_95.jpg,Siamese,2,57108b42aec336ef96b15f47abb8ead00c33bca41850e7d338b67f390414e03f
Siamese_96,images/Siamese_96.jpg,Siamese,2,21a63c1ad88c76c10375a5b55ee4038e20a501f4138b1a1ed2cbc83a90befa45
Siamese_97,images/Siamese_97.jpg,Siamese,2,bba6cef687c73056d46475e2563c7fff9b9cc06492398f66d41e33e4d9e97a85
Siamese_98,images/Siamese_98.jpg,Siamese,2,dae13e3928b44d8db99470288ccd9cfa752699abdd65b9d5fd9326c27edd3465
Siamese_99,images/Siamese_99.jpg,Siamese,2,96afced4a2243eb1a639cf61083d7f56c0bac137189007579fd3c65b776c04f1
Sphynx_1,images/Sphynx_1.jpg,Sphynx,6,3c912cbe6d9bb7d55b5f7505972390f4f581f227ac8cdf8af3813b2eaad4258e
Sphynx_102,images/Sphynx_102.jpg,Sphynx,6,b0140554afa612462e3552d3355a41667dba61b266b84adc648a77306e6058c7
Sphynx_104,images/Sphynx_104.jpg,Sphynx,6,44ed5a7abab21de4e9683ec96a63078df54b2866143a3bb0519a146f5e1fc246
Sphynx_105,images/Sphynx_105.jpg,Sphynx,6,99d826caaedba7d12630de68a29f3c1bf82d2811674e0aa0c855018466834fae
Sphynx_107,images/Sphynx_107.jpg,Sphynx,6,855095bcae03af7ea106537ccd040fabb3ac44930a4a908ec4055c8d6d9c6238
Sphynx_108,images/Sphynx_108.jpg,Sphynx,6,6be9f44a734d945e9370756b5ddaae0fcdc998c27d1ef6d4f7e15c671b76a6dd
Sphynx_11,images/Sphynx_11.jpg,Sphynx,6,f020fef37944fcd6665df9321cd6a1fbebe97a85a372c6654186e9e6e2fa3d02
Sphynx_114,images/Sphynx_114.jpg,Sphynx,6,57850fc0cc3ff0528da2bfe43f73148b049a461dec5fd90595e172f857abaaa7
Sphynx_116,images/Sphynx_116.jpg,Sphynx,6,26af36ff28fa0cb8e7ec1031f0e13ebb21a7acbf7f7b26c63fd906c58e6358f7
Sphynx_117,images/Sphynx_117.jpg,Sphynx,6,bb4f50394b0357d84adf9a25e8a497f71dd8bcaae27158777839db5acd3f8761
Sphynx_119,images/Sphynx_119.jpg,Sphynx,6,08f0eff35ceca1c657934da4fc3fa4a704257e1d2bacfbc16eebd409931e73ae
Sphynx_12,images/Sphynx_12.jpg,Sphynx,6,46f95df5397b8ef510e9a3f8f90368c5657606b05966dc40511e15405c7369ed
Sphynx_121,images/Sphynx_121.jpg,Sphynx,6,2944f4ae78f022b9ef8d0d54af990b3a26d91f1eee238fc1fd563e227ff617c1
Sphynx_124,images/Sphynx_124.jpg,Sphynx,6,262b683d9b9baba547f2b5d348cf7d68d86059a7872182c89936b123090ad713
Sphynx_125,images/Sphynx_125.jpg,Sphynx,6,8e33e638e9987a3c8bbec830bb87659ca3333973e79e0d3b98680e694d4ef68a
Sphynx_126,images/Sphynx_126.jpg,Sphynx,6,d5018276ffd95488c1afae26aa814e551f162d54a71d9b349e73590d0bd7e51a
Sphynx_127,images/Sphynx_127.jpg,Sphynx,6,0bfc5caf79db37249847922f3d898e5a0218bdd9a8ba469611263e147939991b
Sphynx_129,images/Sphynx_129.jpg,Sphynx,6,c8a7afd94153916f9e0d75a8d513765ce9744cb03899d206dd6c41534a92e44b
Sphynx_130,images/Sphynx_130.jpg,Sphynx,6,48d40bc77c36cc8cb4387d2b9c86587cc83c693eeadf770809dd9e22166874b4
Sphynx_131,images/Sphynx_131.jpg,Sphynx,6,efae3118e3172f1330ab0a9e8b1de333692ec3200691bca5579ccc0a6994129e
Sphynx_134,images/Sphynx_134.jpg,Sphynx,6,0bd21b2bb48e818e9fff642b702edd573af3338fe8628612e93632c083b49d5e
Sphynx_136,images/Sphynx_136.jpg,Sphynx,6,25ac35808772dc837170b42225be6b827f769718c6f4b58dda10b51284615f2e
Sphynx_137,images/Sphynx_137.jpg,Sphynx,6,8eaa4d4826c9005fa3e2517e6177f1e8d77eff770395f96207756735fd4a605a
Sphynx_138,images/Sphynx_138.jpg,Sphynx,6,c4e9ec75a42080ab786db1af540f6f83a05c001713958f1e10dcccd10629a5b0
Sphynx_139,images/Sphynx_139.jpg,Sphynx,6,a667e11f540ed7c314e50a2bfc990676b8a1aeac4466cd770ea18ff1c30a66a5
Sphynx_14,images/Sphynx_14.jpg,Sphynx,6,f8d19c01e8273b57b7dcdbcbacde6a57b616edf4b3f97e97dbc598cb099d98c8
Sphynx_142,images/Sphynx_142.jpg,Sphynx,6,e69880e137cca0a1fe1ccb5543b3a87371cf4360c21267bd71dd6f67d850b3ec
Sphynx_144,images/Sphynx_144.jpg,Sphynx,6,d0b2591e3f80b06f567b9804032a216eae8cd262352d5287369131a0723a1cff
Sphynx_145,images/Sphynx_145.jpg,Sphynx,6,b54f9764d5dbd5f3b2c15762aa35bac6d77c85e0bda9f4036f7ca66080ff0195
Sphynx_148,images/Sphynx_148.jpg,Sphynx,6,28efc71f7ef5306c90b7a9a798cde40b1a752ab584722bdcacc94a723a364fc7
Sphynx_152,images/Sphynx_152.jpg,Sphynx,6,f556d36c7f49099c982b68bdf8ba5f84193cadd9b4df9fc32af2ced3ae4e2790
Sphynx_153,images/Sphynx_153.jpg,Sphynx,6,be46d51adad43750961f4583886a0f8c77006cff85171b6655b818ccf412c33b
Sphynx_155,images/Sphynx_155.jpg,Sphynx,6,baab9acd9e8583c711e10b01b033e5f15b88877801c511b9d0e74a7610bbabb1
Sphynx_156,images/Sphynx_156.jpg,Sphynx,6,023e65313d0313eb31522b94ae513b0e4056922cb7d2c347216964dcc87f8cea
Sphynx_157,images/Sphynx_157.jpg,Sphynx,6,a3a34aa94f2413252a538159f7b7e5278f94c9aaf2a942cfe899de875d2e86b0
Sphynx_159,images/Sphynx_159.jpg,Sphynx,6,31f5fabe36882957b9fb022fa81ac3339e4a091c6b50cdd0025dd206cc4adea7
Sphynx_160,images/Sphynx_160.jpg,Sphynx,6,51b0c3aeef42c5df924d1a10c83083afb4e42572b753045fb8e787a1468a85c3
Sphynx_162,images/Sphynx_162.jpg,Sphynx,6,a979d82717de69a8b2c70ca6c544d6854dc9667e15852d4f5c8a353687b08fe7
Sphynx_164,images/Sphynx_164.jpg,Sphynx,6,0e128d6feca9ae7e50e36163869eb634495c5046638e43ce7e264bc125c183d1
Sphynx_165,images/Sphynx_165.jpg,Sphynx,6,16350e23dfe6eeeb245fa2e796f48568a07f0ebfe92498724a944fa6ea92b259
Sphynx_167,images/Sphynx_167.jpg,Sphynx,6,549d225f8a4371495aa5273dae3f994a81b402b116ef8afd84b32a38af141946
Sphynx_168,images/Sphynx_168.jpg,Sphynx,6,af75c6e2074f01b9f5cafc979f4321d381d079ffef9ceaa54c96b82165639bfe
Sphynx_170,images/Sphynx_170.jpg,Sphynx,6,cf6c021837313fed58e9d04f1964d694a5872ba16e372a52e23a21b884f167c5
Sphynx_171,images/Sphynx_171.jpg,Sphynx,6,2d6fd0f74c525882ae73c972a674c652b4f625edb7841237eb9e5922915c1b9f
Sphynx_172,images/Sphynx_172.jpg,Sphynx,6,8285d1ec49c275e9d815959d2c25d2ab5099633ad114c58ad4fefe542d64e948
Sphynx_175,images/Sphynx_175.jpg,Sphynx,6,4080407c270aafce30b8087085ecadbf6ee2cfe2d0e01c6911a6161d2e0bacd4
Sphynx_176,images/Sphynx_176.jpg,Sphynx,6,3010803099fbf79f67b1b16f52d8088b625ecec68efc4de8e90a79e5a8c2c7e5
Sphynx_177,images/Sphynx_177.jpg,Sphynx,6,0c662527fdb0a6293eddc102e6b4f70bb89616c4ac4250c009fe7c648c919f75
Sphynx_18,images/Sphynx_18.jpg,Sphynx,6,00c731710a6c07359c31e86ad7f5478d5f4dcd0be302959f423bace167ff6be1
Sphynx_180,images/Sphynx_180.jpg,Sphynx,6,7ad4f2761f9a7a952fe9178842dce16b65e9a6a271cac828919c77a45ea828d9
Sphynx_182,images/Sphynx_182.jpg,Sphynx,6,5d92bf24e65521fbfebb0c9c28934bf1b59c0f89133dacea6f9d82a946b42fc7
Sphynx_184,images/Sphynx_184.jpg,Sphynx,6,b17418bc4364e96768875b0d56db2bbd34843f2cc7b86fe65b921dee925a5ec5
Sphynx_185,images/Sphynx_185.jpg,Sphynx,6,7752c2a0fe672b0d739d0c322b70b0000ec5f012455f186baf953769fec1fc35
Sphynx_186,images/Sphynx_186.jpg,Sphynx,6,7e60dc637ccb8c7da2529914fd7f8843faeaadc7b9161a6eddc3f2de662b9321
Sphynx_188,images/Sphynx_188.jpg,Sphynx,6,106bfbabcbfca2a20dc4882a0931ca0002b62c13fa6e10d5f3bedde03f8a3aae
Sphynx_189,images/Sphynx_189.jpg,Sphynx,6,48f94fd2b5b35751154b6db0348b0791db785c2dedc066c369c9ce92edd78114
Sphynx_19,images/Sphynx_19.jpg,Sphynx,6,5ddfa696061adbd71faef0cac226c2624978389ff7a1fb60961c5fce41faefc8
Sphynx_190,images/Sphynx_190.jpg,Sphynx,6,14f517a33a1cc78c012015aee45b379863790461f1d9ffa145f254a8d694a9f0
Sphynx_191,images/Sphynx_191.jpg,Sphynx,6,3c58f4645e1ddb0fb1b6c8a8907d436f7b820968e1bac5178ee647fdb29b5c25
Sphynx_192,images/Sphynx_192.jpg,Sphynx,6,edeb5b975c16b99c82c377556115c51a3e275366281559b6a18891e301a0e6fd
Sphynx_194,images/Sphynx_194.jpg,Sphynx,6,4439f6a88f55e99ba774d9b483396ca7aafb1d9ce9ed3806a954cbc0d943f86f
Sphynx_196,images/Sphynx_196.jpg,Sphynx,6,dd49121b987ef93fb0514035e589a047052bfa56b00f5893cd36b94ea1cbaff4
Sphynx_20,images/Sphynx_20.jpg,Sphynx,6,1561f4c417c631af29e3b323eaf41ebc39496b9e8763ea220823369ad4062fed
Sphynx_202,images/Sphynx_202.jpg,Sphynx,6,3b5701c83c5cb1c1e9370b039fd66ebed186f74876254250bf22c81f14fab892
Sphynx_204,images/Sphynx_204.jpg,Sphynx,6,a036952698726bba4d22d995803128d44c4a57db41c76805be915e2db31ce35a
Sphynx_205,images/Sphynx_205.jpg,Sphynx,6,b0644c6edcead57c6daf8b974fb09c1320365075a17527e7eb8fdc63393f2a2d
Sphynx_211,images/Sphynx_211.jpg,Sphynx,6,7bace938cdab1bc22c2b4097a45acf1b56efa593550fc5a4467df702a05a309a
Sphynx_212,images/Sphynx_212.jpg,Sphynx,6,aa45fd7dbcf726feff7c7966a565d59de70c568486fe6fc703a26c456823c879
Sphynx_213,images/Sphynx_213.jpg,Sphynx,6,400fc7cabe61103ed13edb7244c5b272ba39fac19af01c4ec0498341900df807
Sphynx_223,images/Sphynx_223.jpg,Sphynx,6,8fc4ce88d4c70ecf57b48febd45a290d60278c9b535fc136a43dc54993e9f288
Sphynx_229,images/Sphynx_229.jpg,Sphynx,6,386318f64631c3a5aa89ee363dbf609e5d78e15249f1b4c2d7c7607d35021e22
Sphynx_23,images/Sphynx_23.jpg,Sphynx,6,f4db12247055ba9276af2ed616af2bd02a1130dbe44da267950aacb934ec2b9b
Sphynx_230,images/Sphynx_230.jpg,Sphynx,6,27e08c21b7089baaee4d7a003441350ce50f0fb775308cdabd147e3886a85c9f
Sphynx_231,images/Sphynx_231.jpg,Sphynx,6,f0db243aac198b7df09c5196fe0d808087ec4c93c49ca0fb7002098769078894
Sphynx_232,images/Sphynx_232.jpg,Sphynx,6,31e625b79a8a350e3a8e26cc9b1cce2281e6f85039cbb2d56d0e352adf70fd8c
Sphynx_233,images/Sphynx_233.jpg,Sphynx,6,b8e1d241f51faff7baf956ba56e5a629559c50ad236cd18cd5ecfa41b4e5023a
Sphynx_234,images/Sphynx_234.jpg,Sphynx,6,a029d2ed52d1bdcaf0a5559cab1bf888a8bd20edd8c3474fb578c414ef66f95b
Sphynx_238,images/Sphynx_238.jpg,Sphynx,6,ef38bf90ac42270a645ecb663bd69154295d2326addda5c42655a157be0a82ea
Sphynx_239,images/Sphynx_239.jpg,Sphynx,6,08fe09ef07cf875a573177e6ba8780c0719a489b7672d0ff7605ebccb32e14a6
Sphynx_24,images/Sphynx_24.jpg,Sphynx,6,8a934013b164427e12a4a978e40705f99f491dcd7c092b2de9b0b555d91675de
Sphynx_240,images/Sphynx_240.jpg,Sphynx,6,6d8bd5d7d8cabbada6e63cabeb1d845b1014c95caafcf5d1950051cffaf9da7a
Sphynx_241,images/Sphynx_241.jpg,Sphynx,6,8339df91f25e0f0ed1437b479c14922940effb0e11cd9eb0e68e5a44a62d4479
Sphynx_242,images/Sphynx_242.jpg,Sphynx,6,86646aae5ad17a7104ed42b545287f1fec0b3916f0367db3c85d3df33f6499a6
Sphynx_243,images/Sphynx_243.jpg,Sphynx,6,d75f9bd40aeb0711a64ebfa3c65ca793e25e9fcad6454bb0c4e13bf28a16cf75
Sphynx_244,images/Sphynx_244.jpg,Sphynx,6,3cbb4c8eddc8f80a49f420238ccc340bda28ace320317a07b6f24ed3d6aaafcf
Sphynx_246,images/Sphynx_246.jpg,Sphynx,6,2e1d96f327f517d82c01085984f944ad16727efb7e5873fa806d746d9a19b4ec
Sphynx_247,images/Sphynx_247.jpg,Sphynx,6,d7631b6c9f14b6ef362e1554d80d945c45c0d3c543dbfb4f741bef762a453cf0
Sphynx_248,images/Sphynx_248.jpg,Sphynx,6,4dafccb7e89e820f6983d85e33f62520251c14a5425c9d09b77852b1b65d605d
Sphynx_249,images/Sphynx_249.jpg,Sphynx,6,93d32ec002f66136d62f21d2c45008142e477c91211c7d3311e5eaad8925ed9c
Sphynx_25,images/Sphynx_25.jpg,Sphynx,6,f06b1cc5e4d2de950b7a2d097168a04ad78197f4c1b6f2b4c5ac58ab47828a5e
Sphynx_250,images/Sphynx_250.jpg,Sphynx,6,b0dae65209965d5895c09d18b707e6d57dbf6826438eed6730894148968efdb0
Sphynx_251,images/Sphynx_251.jpg,Sphynx,6,5640219c9bee78f5622f1910892f0254e9a9befe2e0e3e68defce66b92ae1e33
Sphynx_252,images/Sphynx_252.jpg,Sphynx,6,d5ceb7108f7f60d459bbea0980d32c0e15e7561efba30975b8fc1d1bc806d39b
Sphynx_27,images/Sphynx_27.jpg,Sphynx,6,e4a8da4e0a90639c73e204bf59a6d3145b3946a9b2cab460239a5e890b635b09
Sphynx_28,images/Sphynx_28.jpg,Sphynx,6,2dc8ac73b1b91ac14c2ddf7ca2734c17f5b69aa7cae69e9c8e1bd8f49399303e
Sphynx_29,images/Sphynx_29.jpg,Sphynx,6,9d1121b9ddd890638ae24454095d5a091779369f8b6a8e1bfbaf39c96d1761bf
Sphynx_3,images/Sphynx_3.jpg,Sphynx,6,2f4ef6ba516cf5fba5c94dea2dde8a741ac11f6eb9e06ce6e89b760db1c540da
Sphynx_33,images/Sphynx_33.jpg,Sphynx,6,41d845427f5a5ba78935ea66b0a2aa7f6e95de628c2cf71babe10795615e8243
Sphynx_34,images/Sphynx_34.jpg,Sphynx,6,501ae82a4457938c4ccebb0674457b12562026b3d7b97c63130e8518d889c43c
Sphynx_37,images/Sphynx_37.jpg,Sphynx,6,06e7aafee21735f744395058ca7b5b4a0d8fb54ec9017aaca60f7656bac6e1e6
Sphynx_39,images/Sphynx_39.jpg,Sphynx,6,ed2c5cc6f2b43c88d91f7a696056cfd63b7516f60a7f38e69e60b4c67060b3a9
Sphynx_4,images/Sphynx_4.jpg,Sphynx,6,d17a810f8a85eb01993448acc13f0078e23c8dc3988bb8d92c4b415f2c369407
Sphynx_42,images/Sphynx_42.jpg,Sphynx,6,e231197fa3cf956b7bad82cbdaf2077334a72d0600d744501f3cefa184a4dbed
Sphynx_43,images/Sphynx_43.jpg,Sphynx,6,37f5304b6a21c6219f9d2e0a10e0b2956fd09661e2dbb93ad70be487c82481b4
Sphynx_44,images/Sphynx_44.jpg,Sphynx,6,753d97f6a049b5ddb1466d4e8373f1f136b62967d442c1f9c3db1d9393f427ef
Sphynx_46,images/Sphynx_46.jpg,Sphynx,6,baf794bbad3527e66a4a33c92b2e1fd3461bebd506225906bc784b5525384ea3
Sphynx_47,images/Sphynx_47.jpg,Sphynx,6,ea36d96ea99ce6928435162db47314e805ae928091d0b436a3656baef84ee22c
Sphynx_48,images/Sphynx_48.jpg,Sphynx,6,a004a2cc4cfb3c237113f30cf2167f51af1cb0eae8dc9087bdad9bd9e7240e36
Sphynx_49,images/Sphynx_49.jpg,Sphynx,6,86c51c9f168023d4e84f4a537f7aab9a6aa0dc2fb88a9fd90eac2186e87d1e65
Sphynx_5,images/Sphynx_5.jpg,Sphynx,6,165d9d587b4e8cbd155354de6501a9e4a077d1ae094b97e07409f23bc166972d
Sphynx_51,images/Sphynx_51.jpg,Sphynx,6,c70cfd036df7ac0b863000ffb6415e30112fce2fc2b5c4d264456d4f97f55f29
Sphynx_53,images/Sphynx_53.jpg,Sphynx,6,a0b3c9c67b285477a7b2079ff63102d23528e2760d044d2133fb1fdd87ae47f1
Sphynx_55,images/Sphynx_55.jpg,Sphynx,6,8ba59d2d47b048f882ad0f36ae7771041899c2e6710950745f88134fcf19646b
Sphynx_56,images/Sphynx_56.jpg,Sphynx,6,a8e12ad948d3961b0816b5c33d5553e4126859ce98b0f93d655edc28f06f04dd
Sphynx_57,images/Sphynx_57.jpg,Sphynx,6,eaeec315a14059de37cf4682169d73234524b540d2fadfb5b22fb2ef9f563e7f
Sphynx_58,images/Sphynx_58.jpg,Sphynx,6,7620c1179803f136e3baeb3f3d82fa097899bac67827b1bc592e7b110efe8be8
Sphynx_59,images/Sphynx_59.jpg,Sphynx,6,c453511a3059d4d2e8a64081f2950975ec8d81e3d05316391dbb4220d85d5f71
Sphynx_61,images/Sphynx_61.jpg,Sphynx,6,ac1bb51d50437dca6602b272c0db8acdb533e824abf5b4797b57901fae55710f
Sphynx_65,images/Sphynx_65.jpg,Sphynx,6,430dfd30d4e2adea752d650a90b48fb3708076d507696d670d3fabe1296de961
Sphynx_67,images/Sphynx_67.jpg,Sphynx,6,95ac8090d86f4e174f7685f7f85c3787200dbe257048994bf821623602029252
Sphynx_70,images/Sphynx_70.jpg,Sphynx,6,f21b35fa76f5ce3666dc235b57550f962e05ed1e968b3828466fc6c493df1e6d
Sphynx_72,images/Sphynx_72.jpg,Sphynx,6,c086c61cec02e52824dcb0b7027f7d4c3f71774e47f85c868016f74e7c08696d
Sphynx_74,images/Sphynx_74.jpg,Sphynx,6,a4b6d941ac64d784da097c089c567322d5119f3e6934c4348cd906377ff81f2b
Sphynx_75,images/Sphynx_75.jpg,Sphynx,6,eaf94635d1fbed752e1f108978a28710e4aea2480c5a0956b9bdc5f6e7d4b40c
Sphynx_77,images/Sphynx_77.jpg,Sphynx,6,b209715ee8d2ca8c4dddf5140b74416663bc7bcef4edb9c00113fc57e25a3586
Sphynx_78,images/Sphynx_78.jpg,Sphynx,6,ddb1b87316368d40ae52d0fcee56ef85154d885ed446380f86fa893e94d26b64
Sphynx_8,images/Sphynx_8.jpg,Sphynx,6,4d76ca3d99e4ef770901a26bae0855428faa61d8cdd755a7f2cdc5ff23c10927
Sphynx_80,images/Sphynx_80.jpg,Sphynx,6,9e723120d8fab358fe706c4031804e26b9caf12cd102f29d2c497c6e9da9eef8
Sphynx_82,images/Sphynx_82.jpg,Sphynx,6,96be32167470c2e0a9154105fecb827af35b2a46adb82f7e320bbc2160e9d4bb
Sphynx_83,images/Sphynx_83.jpg,Sphynx,6,be84b83645742fecad26489113dd26df794674ea5d666c3bc0c9dc1897873815
Sphynx_84,images/Sphynx_84.jpg,Sphynx,6,cdf360e4a6a2834bdf30368df0028b6bad04c005b897134d39b5d982bc013058
Sphynx_85,images/Sphynx_85.jpg,Sphynx,6,6aad2c70a56b4595c7f24cc02b67ddff60b50248faea4b37cff08eae0cdfc0f5
Sphynx_88,images/Sphynx_88.jpg,Sphynx,6,2685ebc1985dda41a5ce0be5744602524fb6983560fbf462354cc82b38cf3165
Sphynx_89,images/Sphynx_89.jpg,Sphynx,6,f7d9048fe6a1529ae35e9c1646b607dc820862bfae35a96d09edd7387c438723
Sphynx_90,images/Sphynx_90.jpg,Sphynx,6,7f2e2731f681a6939b5ca0d05ee649e94ad93f3717cdb2bc8854028529ced54d
Sphynx_91,images/Sphynx_91.jpg,Sphynx,6,5c72de9feed766611a203d0d6cecb3b4af74580781463e430b4ac97ff105ec1a
Sphynx_92,images/Sphynx_92.jpg,Sphynx,6,af3fad81a40c46fb5306090857ca7ab37349994aa16d554b49a5b1a4ac948fe5
Sphynx_94,images/Sphynx_94.jpg,Sphynx,6,f906815f9eb41bb1613f046114e6c50a0b36fe2e5dc72f6c1dee1caf447463c2
Sphynx_96,images/Sphynx_96.jpg,Sphynx,6,b26baaa989ce637c1a26ec14b0a301e434709c8a0904320262ada3333c8ce0c0
Sphynx_98,images/Sphynx_98.jpg,Sphynx,6,9e280504f89445380b7efe4a632d960f36d6722d6cca3fc6a0f99249c2385475
american_bulldog_10,images/american_bulldog_10.jpg,American Bulldog,4,cb62242f99e01f7e7c0094e25204adb70a444616390c736f799dc203392a963c
american_bulldog_102,images/american_bulldog_102.jpg,American Bulldog,4,a0f00b379c1435b645e257e85d499536a7c8797e7745a2ad61a977dea08f2aa4
american_bulldog_104,images/american_bulldog_104.jpg,American Bulldog,4,3d6a5122f86bdfde0a8b9994d86a50ab2b9a9ed84db47831b73c3ff608659d45
american_bulldog_105,images/american_bulldog_105.jpg,American Bulldog,4,bdb8dafb70a00e1cbb8507eea786f5bf3cfb49edb25816e3b8103b224c511c3a
american_bulldog_106,images/american_bulldog_106.jpg,American Bulldog,4,fc001780a34ebff85cf0bb8a19d8715f428c7dea2a3174724de55728ac311c53
american_bulldog_107,images/american_bulldog_107.jpg,American Bulldog,4,e7f177d59b79a9c469023c5c3fcf568e271d733683985fd68312846155d8374b
american_bulldog_108,images/american_bulldog_108.jpg,American Bulldog,4,0f43e7524b14506a9ccfc3812afdecb35349d37dfd87929326022ffca1e83669
american_bulldog_109,images/american_bulldog_109.jpg,American Bulldog,4,1044c534ac942dfd55e81fac5ac285d497e5f1d06f5acb37c59e1090182a2420
american_bulldog_11,images/american_bulldog_11.jpg,American Bulldog,4,276e8ca03860373f222cebd76a436b683b8b09b2d2553a205581ba7d6dbadf3d
american_bulldog_110,images/american_bulldog_110.jpg,American Bulldog,4,ea08d6aedb0bf366b380c53eb4171cc41492d47b69a7be74106151d0d6dcead2
american_bulldog_112,images/american_bulldog_112.jpg,American Bulldog,4,71410c66b4d34e9390ee37f197e5417e052bcb43bff233fdec8828f626ce6258
american_bulldog_113,images/american_bulldog_113.jpg,American Bulldog,4,bd3766bc701e00ea1ae5bafbf8ee582c859c951e961e2ed95158b7f18bceb172
american_bulldog_114,images/american_bulldog_114.jpg,American Bulldog,4,6365d25990ed72c13b027b8ac3c02ba561c46bfdbcac92a2f0e5fb87dc2027e3
american_bulldog_115,images/american_bulldog_115.jpg,American Bulldog,4,f758510454f7f7d9220770e68e828c52e6a08464b56dd7d8d718b560a26917e8
american_bulldog_116,images/american_bulldog_116.jpg,American Bulldog,4,cbd2672d92548a1c759d9ed6a95bccdef6f21ab8f645a8872979c8e4c39b5283
american_bulldog_117,images/american_bulldog_117.jpg,American Bulldog,4,50e115fcdd8717f744c5fe1222518330d6f9fd4602a50f995d82e03491ff4e48
american_bulldog_118,images/american_bulldog_118.jpg,American Bulldog,4,36a9820fd4083542f59424bd384a27f6b85ca6672151d32b7c8eb380c8039762
american_bulldog_12,images/american_bulldog_12.jpg,American Bulldog,4,b84790c14149052355a85b15453ed0710f8e9d7c4d9188ab12246dd8de947ae2
american_bulldog_121,images/american_bulldog_121.jpg,American Bulldog,4,13cf0435216dbeb6ff99d60ac4d75f2e631b1bff0a96e95e5e0cc35f60674178
american_bulldog_123,images/american_bulldog_123.jpg,American Bulldog,4,4bbd4be323792e36d4cc799dc092863c0218965745dc804a880844248c35c4c6
american_bulldog_124,images/american_bulldog_124.jpg,American Bulldog,4,16fe60424f374ce7de7b28be7d947cd57a4764df5cf7db3fa02c27e3ef9daf3d
american_bulldog_125,images/american_bulldog_125.jpg,American Bulldog,4,0ceee6e203e9a163916f27bd75820cedd2b6e3aa310a31fec57dea7d78113337
american_bulldog_126,images/american_bulldog_126.jpg,American Bulldog,4,7668fe726d6b77053499f77d98e5348efd6a9992aa443e5dd219684bd8055a1a
american_bulldog_128,images/american_bulldog_128.jpg,American Bulldog,4,fe181656c170879412f4cdc073c5af177edd6087113d66424fb7e6322304cfd7
american_bulldog_13,images/american_bulldog_13.jpg,American Bulldog,4,58c887bf12b42d4e93b35155ad8bfbddbee734fdbb5b26bff71bfeac953b638a
american_bulldog_130,images/american_bulldog_130.jpg,American Bulldog,4,da3404c34d439cb4f2aead8f1784b8d4ada019db068f244b0108c8be53d98ee9
american_bulldog_131,images/american_bulldog_131.jpg,American Bulldog,4,76cfa4cb43c9313e8c8b92681ff789f3dc30ef2edf77492b7d0815605abbdc6e
american_bulldog_132,images/american_bulldog_132.jpg,American Bulldog,4,ebd4a0ce01137d8f0d29305065812bcca226a4251a757ccd6484bd3764d48887
american_bulldog_133,images/american_bulldog_133.jpg,American Bulldog,4,edbcb58511fec19e1df4b06188ff543e32a4b65e7655418f294a545b709a69df
american_bulldog_134,images/american_bulldog_134.jpg,American Bulldog,4,0c3a698fb80d9a883362034788055218ac68b2aefd4a7c3547ba8c339db32c1f
american_bulldog_135,images/american_bulldog_135.jpg,American Bulldog,4,5f13b5d716530428b6c56f1c7b3cae9453d669565e06af94fdb3ca8c983fc85b
american_bulldog_136,images/american_bulldog_136.jpg,American Bulldog,4,f6f9a490e02d14ab3c0c9cef51d59b8640fe8cb0ee206aec485b0a1e33b31a87
american_bulldog_137,images/american_bulldog_137.jpg,American Bulldog,4,75b56d73fea06cf223363dd9f3098fa2c523aef0b7d86bf13c1f86e112d9a166
american_bulldog_138,images/american_bulldog_138.jpg,American Bulldog,4,e919e410cabe6bf2417efdf70194491aa65e6ed060edec1cb7c1b1791075a645
american_bulldog_139,images/american_bulldog_139.jpg,American Bulldog,4,710fec2d67d0c6d392a7762586414dcfc8949f0b9475f12736b59e8b84d347cf
american_bulldog_14,images/american_bulldog_14.jpg,American Bulldog,4,2df86e781550bf328de0dc1642c4af51be49178dbe1572e5e278c07bdb9241b2
american_bulldog_141,images/american_bulldog_141.jpg,American Bulldog,4,96789545786734302ce200317b53546530d19f06eec78e7c87422d48bce83a86
american_bulldog_144,images/american_bulldog_144.jpg,American Bulldog,4,d6429e285fd4fc8b67b2822881d2c6100d41022e47456613c6af49c6643226b2
american_bulldog_146,images/american_bulldog_146.jpg,American Bulldog,4,61f2678a04c2388c7725881c45face2bc4a729c0fe5dfc935d0ea83452d08536
american_bulldog_147,images/american_bulldog_147.jpg,American Bulldog,4,100bb097690fff64670dcab49ec623b83900ebc9e4c4e051cc8e719383397778
american_bulldog_148,images/american_bulldog_148.jpg,American Bulldog,4,fb4abdffd252c0250ccd092920dac38687709af4d7cd9c4cf4406a84eced50ed
american_bulldog_149,images/american_bulldog_149.jpg,American Bulldog,4,3e6059c9b27a409609c74e48f64c093408a8a42eb3aebc407f7dd265c7b001cb
american_bulldog_150,images/american_bulldog_150.jpg,American Bulldog,4,4ebca84887650a1e4f5f679b4a090d66e90425949442584781efd16496db7b11
american_bulldog_152,images/american_bulldog_152.jpg,American Bulldog,4,b9370d8f45662bdc6f5ac8a656b1c8e8cad8a7b8d844e48528ba66af98569feb
american_bulldog_161,images/american_bulldog_161.jpg,American Bulldog,4,17cd1e315997051149a6947aaa2df6d03d4f23aef8608cac6558bf541e5f1b40
american_bulldog_164,images/american_bulldog_164.jpg,American Bulldog,4,322a44c2b4a61b44aaf32c9780e8b62f5f2b16cdf128be83771ca0e0a5069538
american_bulldog_166,images/american_bulldog_166.jpg,American Bulldog,4,7f9db1233e95c548eba746a073c624cf519be846cba6237070626240638ebc31
american_bulldog_167,images/american_bulldog_167.jpg,American Bulldog,4,8b0d5f77b6a75f648de635a7dadc626505eb9ece1cdab1bd63a0ee85792402f7
american_bulldog_168,images/american_bulldog_168.jpg,American Bulldog,4,0c557ae833f58aeeeb599cb93ee07bf93dafd0040e4c42bc8444b682e53c7b6d
american_bulldog_171,images/american_bulldog_171.jpg,American Bulldog,4,d4f40a430864690c35bf7b1a5915efc203867bbfbbbbb77f84020a7e95356cc9
american_bulldog_172,images/american_bulldog_172.jpg,American Bulldog,4,18a17c6b31ca4ec45a1d0be8b436cea2da1ae97cfdde298fbdcb211f03a65407
american_bulldog_174,images/american_bulldog_174.jpg,American Bulldog,4,ff53fb1741c4255cd0ca07b6ed217cf3d5466319edb172da11018bab3ac53097
american_bulldog_175,images/american_bulldog_175.jpg,American Bulldog,4,4610ee2264211baac78c0823e4afdb3c79738900ddafd342be93ba64ff5c584b
american_bulldog_178,images/american_bulldog_178.jpg,American Bulldog,4,7602f232b80d5cfff2151fa10687fc1708357f8bf967b886a5ea79147cb723e2
american_bulldog_179,images/american_bulldog_179.jpg,American Bulldog,4,64f1783794994e7737b310bfcd8ad4710717769387835bdd4b2c465758046074
american_bulldog_18,images/american_bulldog_18.jpg,American Bulldog,4,c6feab96b4724d8de637315d762346ade787f099d9bbd2c5ee06d0505617c42e
american_bulldog_182,images/american_bulldog_182.jpg,American Bulldog,4,4108f5df43c8ea81c5a3e821cbd3c85c93f52ea815183ff7019a4e2a0799e66c
american_bulldog_185,images/american_bulldog_185.jpg,American Bulldog,4,7a385425c10fa23f358cb15acf7e201b0c0a9c39241fad32ac9928ad820d6546
american_bulldog_188,images/american_bulldog_188.jpg,American Bulldog,4,38739e5a3931bd660d6ecb251eb6ca9fc96a915299bbdbc2950d7b90b852d655
american_bulldog_189,images/american_bulldog_189.jpg,American Bulldog,4,88eb919f804f5d520481dfa0ebc51ef37b71df1870649abea2c4bad9a8c4ad40
american_bulldog_192,images/american_bulldog_192.jpg,American Bulldog,4,87848d5dc1c6350e3fd88b8ddf322c8496c8c9490e0ce680ebaf1bbf09ace568
american_bulldog_193,images/american_bulldog_193.jpg,American Bulldog,4,b0ccd3dd2c920cfaa789dc701ae451c35da27c83173ca7594a29cd21023e6463
american_bulldog_194,images/american_bulldog_194.jpg,American Bulldog,4,b3815eca4f51505886fbb6d2c0002775b6e84bb187f220f89265fa2a380a07e7
american_bulldog_196,images/american_bulldog_196.jpg,American Bulldog,4,d7e47a4de2fc96a8e4a85b8df9ab8cbe24d549fe1c3d4312e4cf19fe2826972f
american_bulldog_197,images/american_bulldog_197.jpg,American Bulldog,4,e2df5bc3c9a7b287e98e3318e50a02ca53ac06eccaff26e80e68b65d2d6ddaa5
american_bulldog_198,images/american_bulldog_198.jpg,American Bulldog,4,84cfd09f9705e3652ad909f6030bc95f5e7323c54f3fb1e41b7323f1bfe55853
american_bulldog_199,images/american_bulldog_199.jpg,American Bulldog,4,146d7caa0e826e3ceb961482376d95be9ee394193b62c6c8c099e4a22ecc005d
american_bulldog_2,images/american_bulldog_2.jpg,American Bulldog,4,5e5712642978ef026dc5623ffc7173f44806a5f509509529c8e7334d9c8bd96c
american_bulldog_20,images/american_bulldog_20.jpg,American Bulldog,4,e328dadbbbdaf669ac3e59c06c2d6f4b2c4cc0620ff488b95ce7aac5a1a7fb36
american_bulldog_200,images/american_bulldog_200.jpg,American Bulldog,4,5616ef72f25923a23464860a1a08606fd72f3464de5341e06cbd10909497ff28
american_bulldog_201,images/american_bulldog_201.jpg,American Bulldog,4,d246389895cea2f93ed8623ae2eb3f7d6e6b7c60b86a2a14cce01091ed3390ff
american_bulldog_202,images/american_bulldog_202.jpg,American Bulldog,4,3d8a985612cd6ee0b4e2f8b5f9eadccfbb38cc4200fc64541e3c4762efd17433
american_bulldog_203,images/american_bulldog_203.jpg,American Bulldog,4,3acbfd6f3f3d6572e2fd02ab770ddc7c278d711768fc8e54384a7843412a6a83
american_bulldog_208,images/american_bulldog_208.jpg,American Bulldog,4,3569da67d300de197b9bebab8860f8bcd53557773f923ce059b96e7f145d3159
american_bulldog_209,images/american_bulldog_209.jpg,American Bulldog,4,d497f449af1052e6bae27f670a9f9ed454b1c46642b92e025aea1e65161ac33c
american_bulldog_21,images/american_bulldog_21.jpg,American Bulldog,4,f2de600059dd8d3a2bda60b91235d86aa013508da54021e01e24824f22bfc155
american_bulldog_212,images/american_bulldog_212.jpg,American Bulldog,4,006e1ef5195d60ce48cf39db11ca7d29d0adfa3ee93089df108eff8dccaf74f1
american_bulldog_214,images/american_bulldog_214.jpg,American Bulldog,4,9d023c98cc0e8b81e4a620fa1f3a6dfcfa51823ae4d65acc90700b05a19b8c6b
american_bulldog_217,images/american_bulldog_217.jpg,American Bulldog,4,30c5426c0cdf3884a8859f2e10eb76a0957f450ee2a390fd358f211c5aa5704b
american_bulldog_218,images/american_bulldog_218.jpg,American Bulldog,4,3278c280e8a8d8b38fde81aa5dc8e6c68c25d25fd4f51d1cc539b7d854dd04dd
american_bulldog_22,images/american_bulldog_22.jpg,American Bulldog,4,b74bfe3e4897648b69d638a9404948416e7f605dab9d8b18b03899a20a767229
american_bulldog_220,images/american_bulldog_220.jpg,American Bulldog,4,f94a0a1add8655ca06da6c38cc47c2c89f8afb8cc67bc7f0b9812bf23c8c4b6f
american_bulldog_221,images/american_bulldog_221.jpg,American Bulldog,4,3713c76a1e075b6313034b3b11c3594d92fd692384ca0e37fe9dc121125da803
american_bulldog_224,images/american_bulldog_224.jpg,American Bulldog,4,bc809ec9deb40f195d765ec99e8760f5bc67fe1c66e78122fd91063cc94b6b61
american_bulldog_23,images/american_bulldog_23.jpg,American Bulldog,4,0c9e8ac6b53d12ffc643615db18abeb37924ff9750febd2add7d60dedb334b35
american_bulldog_24,images/american_bulldog_24.jpg,American Bulldog,4,3e704e825b42ee1968182d8b6424562fc9914eb07cd6ff211905437810a9818e
american_bulldog_26,images/american_bulldog_26.jpg,American Bulldog,4,f49aa97d8846bae83128b9a66e72cacc59908fd38cd2ba188ec0bb351d0f941d
american_bulldog_27,images/american_bulldog_27.jpg,American Bulldog,4,f3fe9819464e9e0256883b1640ec9b069c900eafcbdfe02b6550cf17e79c0dc7
american_bulldog_32,images/american_bulldog_32.jpg,American Bulldog,4,319f4696e8654dbad7a8f306daecc03013d17c676284da615532ccc9998031aa
american_bulldog_34,images/american_bulldog_34.jpg,American Bulldog,4,69e874385f713e14844ef3bb4f64891ce101bbb265cc133ae838e32c043f7e50
american_bulldog_35,images/american_bulldog_35.jpg,American Bulldog,4,19d1e301e47d8d185619fe7dba79a9eb6d671a303f1d7907d8725473bde58956
american_bulldog_36,images/american_bulldog_36.jpg,American Bulldog,4,6bb66626e206524d76d722e071765092b70ce150038600c7bfff62fb2666dfa7
american_bulldog_37,images/american_bulldog_37.jpg,American Bulldog,4,fa51f48f072b554110b90ceda682da64d54739edf3ef37f5f9889b42c95d4290
american_bulldog_38,images/american_bulldog_38.jpg,American Bulldog,4,d118930d5aaf035cc7c57aea282da8dee3d4b98aa0b9718aafe78156f1e097d1
american_bulldog_39,images/american_bulldog_39.jpg,American Bulldog,4,db3ce89bb4c8b4fd2664bccc19747ee60bf55149bb81e83f92af6ef9aab875a9
american_bulldog_40,images/american_bulldog_40.jpg,American Bulldog,4,85ec95e2aaa999c391b039a43bb587229755f1a667a28911fb4e7fe4a02cada0
american_bulldog_41,images/american_bulldog_41.jpg,American Bulldog,4,8db780d98a73ccd023bd8603e30b792349ba0b5b1ae05188bbe498f04290238c
american_bulldog_42,images/american_bulldog_42.jpg,American Bulldog,4,1f4de0e7c748db608b27e76d3a347a21d1402325d181a118a61b03bead127052
american_bulldog_43,images/american_bulldog_43.jpg,American Bulldog,4,d45b215979c979d6a920e52e4ca64dcbd4dcfef70e86792d90d539591dbfa42f
american_bulldog_44,images/american_bulldog_44.jpg,American Bulldog,4,4ce99550855b6a4275a4f0760387feb2aa9c62320877e5245a2058aeff52eafd
american_bulldog_47,images/american_bulldog_47.jpg,American Bulldog,4,14f3bc29ea3c6f362a5a7d8ecd26eb8012813dd6bd123bce509d9cd38e56f426
american_bulldog_48,images/american_bulldog_48.jpg,American Bulldog,4,d1fc61288d1d9882e2617da541bc6f555063b95f930749fa62f31c6f765d4c26
american_bulldog_49,images/american_bulldog_49.jpg,American Bulldog,4,9d0f3a89f20f940ff447fe8b16599a596a553e0ac8e3b2f23d885de4c79bc3e1
american_bulldog_5,images/american_bulldog_5.jpg,American Bulldog,4,7f7033246cb90c228bb0f7a01fcd709a61aaa0de49687e8f4dbb80454ce1ea09
american_bulldog_50,images/american_bulldog_50.jpg,American Bulldog,4,cb191a8c562ba8b69e8d3b86b5b1861dbed0f46f812216f57e5ea1e4b0c68f58
american_bulldog_54,images/american_bulldog_54.jpg,American Bulldog,4,f7baad10c93750221bc5b169864f22192531b0c43bb446ab40d781c83584b425
american_bulldog_56,images/american_bulldog_56.jpg,American Bulldog,4,a1d9a1d093bf7f4be03b23c3701d9a8f1127789584add58d788eb374a65d3a7e
american_bulldog_57,images/american_bulldog_57.jpg,American Bulldog,4,c04227b9e24a8fa2150521ed6a2b69f9ecc0dd2adf1670a92a75b45ca08df786
american_bulldog_58,images/american_bulldog_58.jpg,American Bulldog,4,ef1f99f0cfd5e23ed3082e21498ceaff19b3732106f2f84074db6e0ef4189cb7
american_bulldog_59,images/american_bulldog_59.jpg,American Bulldog,4,03d298a344a9d6144cd08c98b917f8d2c06f68f84f72f0ab215d7bf938d5a440
american_bulldog_6,images/american_bulldog_6.jpg,American Bulldog,4,d7d31a98d09bec17409c8b6582f6c9f5233d77ecb9e15b8463d2cec6765ad13b
american_bulldog_60,images/american_bulldog_60.jpg,American Bulldog,4,d9b317d3dc31c49af98334cb2c0e7f614053463319d2fd73e0265fdf63f616bf
american_bulldog_61,images/american_bulldog_61.jpg,American Bulldog,4,7d8d2e0ba16ed6c8cf98349566526ca20119e91d76e96ac9a7169964e1247219
american_bulldog_62,images/american_bulldog_62.jpg,American Bulldog,4,a723fc6b8e742b0055bcaf97957449681fc86c23fecbce3b24ae2d04b02f1396
american_bulldog_63,images/american_bulldog_63.jpg,American Bulldog,4,4a74a73353af38beca3e1af480ce12b13cbff9e1a2fe834ec384761d00ab4a0c
american_bulldog_65,images/american_bulldog_65.jpg,American Bulldog,4,ab7aaef791e99f3ce67b569f0db207f77bca5a086a7b7d20daad8ffbc8952beb
american_bulldog_66,images/american_bulldog_66.jpg,American Bulldog,4,297c2833539a4ddb82051a9194bcc864e5381f297f950f601c8bc7f3a7ed5fda
american_bulldog_7,images/american_bulldog_7.jpg,American Bulldog,4,4f04ef9b4004f826ad15cb670cbe3ad75e1bde6090282ef9e6c456cc179720bc
american_bulldog_70,images/american_bulldog_70.jpg,American Bulldog,4,0eaa9d4bc4374a797699011608456fe540c7b432d06c5c49a055d91648739112
american_bulldog_72,images/american_bulldog_72.jpg,American Bulldog,4,b48aef7faab8f2eca215feb7da33c219002ba7a3406a211dcb3978ea0d8a9c94
american_bulldog_73,images/american_bulldog_73.jpg,American Bulldog,4,517d50a65eba430c17020abf5cb9ff42ff1943d13c66cbeec0fed1f31429a9eb
american_bulldog_74,images/american_bulldog_74.jpg,American Bulldog,4,d772e9ea7001b00d877819bc9e61242def63f9db0ca59f1cbbba00043be1839a
american_bulldog_75,images/american_bulldog_75.jpg,American Bulldog,4,848982e2f5c6507855477c52ddef0d66dba08f1b506c9fbc5faa4a0f7d58a281
american_bulldog_76,images/american_bulldog_76.jpg,American Bulldog,4,8c9eac9ef709f8220f6f98464e6d685c90aeeeb7d1dee4803eff8f85202ac266
american_bulldog_81,images/american_bulldog_81.jpg,American Bulldog,4,76eccd87fffc128d6162f36ca5100023dd1a0bab86e93fc627bf01becfed8d99
american_bulldog_83,images/american_bulldog_83.jpg,American Bulldog,4,93f80ec751c2fa27fa9139c28161bf1047232962cad23abf8e643db54b1de419
american_bulldog_84,images/american_bulldog_84.jpg,American Bulldog,4,4186daf786723cd6734e99dde8bfebb733610e1f3c75b110764425aa7ef1549f
american_bulldog_85,images/american_bulldog_85.jpg,American Bulldog,4,adeaa5d9fc4d451a8613e162752351037a505e400d1f0ca31cc5d7438e087e2a
american_bulldog_86,images/american_bulldog_86.jpg,American Bulldog,4,7a0080aede0e98f81c5bf41e1417fe59e065a9f9f119e8bc3fcf29b39a9180e2
american_bulldog_87,images/american_bulldog_87.jpg,American Bulldog,4,f9bf2b27c01cf301a4935899141ca637d7a18c0513acee333015cc7cb5bb8e49
american_bulldog_9,images/american_bulldog_9.jpg,American Bulldog,4,36a3d915c939602aac2803abac74a40bac954411f3e14da5f1707a29e76b999f
american_bulldog_90,images/american_bulldog_90.jpg,American Bulldog,4,5f397fcc46aa9b7cb9af03ed1ba1f3ea8548862cd8078fdeb038477cc4a1e40c
american_bulldog_91,images/american_bulldog_91.jpg,American Bulldog,4,7d1a83b5c095dae4914a6f8641e97e534423d10f5795e550df0800152ad74d47
american_bulldog_92,images/american_bulldog_92.jpg,American Bulldog,4,cd632e7b5001410eeb83a0f99c699960937a42c9a16202564f9f890e7f3342df
american_bulldog_93,images/american_bulldog_93.jpg,American Bulldog,4,ac8e6f41cf254785bb1616cc4157a803f76540a16bab920d9dc7a8de01a53980
american_bulldog_95,images/american_bulldog_95.jpg,American Bulldog,4,61a18afb14b0a6d100950d62772ca8021952877bbbb414ae2f15e2c545b7fed6
american_bulldog_96,images/american_bulldog_96.jpg,American Bulldog,4,b31d11e7748f8ac2d87fb63993703851632c97d01c1ee4c4b4763631f4253b2a
american_bulldog_97,images/american_bulldog_97.jpg,American Bulldog,4,0e6bf4e7e368aa9acc87715466fa240e096c8dfc14424c269c31db7075fd8a45
american_bulldog_98,images/american_bulldog_98.jpg,American Bulldog,4,5dbbc11c8639af26acd1fc43dccadda1ba0c47da10bde539001de309e5f76421
american_bulldog_99,images/american_bulldog_99.jpg,American Bulldog,4,d5560d3101ea42aa903ee1a3d87385abae4c7121f863121d4412f5fa98e31877
beagle_1,images/beagle_1.jpg,Beagle,8,8409ca4a391af7d3318fa4ceddf79c44adf5d75f3a66bd786ed27272abdc3ae4
beagle_10,images/beagle_10.jpg,Beagle,8,1ff341486982abf9c5079af28fcd943a90a470ebbf5e1bcde083159b3182cabe
beagle_100,images/beagle_100.jpg,Beagle,8,46c45731d324a27567dbd1c9f921c4c1272f1e4ee6b5bec1d01f5b3d35093c0f
beagle_101,images/beagle_101.jpg,Beagle,8,03c2238304815766a8a29202831e3a2c5a1ddc67df244bcc4146f459c7eec185
beagle_102,images/beagle_102.jpg,Beagle,8,d7cd4339c099bc260a3d131f3ebb4535757b260924f911ac8fc72bed27d51957
beagle_104,images/beagle_104.jpg,Beagle,8,a6d1173bec200d539d103b7f2b514cf5b6775ee5112187d26e7a222cd3363d53
beagle_105,images/beagle_105.jpg,Beagle,8,7e4087079f3f24d168fab63ed49d407e400311c1a381653a1830882b625db9e7
beagle_107,images/beagle_107.jpg,Beagle,8,c80a10bc79d73b5cf827f2d3436c3d8f592b6fcf603b100834f06b4277d746c6
beagle_108,images/beagle_108.jpg,Beagle,8,0bdb8d51e53cd012f685601ad7b69c216c698dba28055a0543dd74e3450a3b9d
beagle_110,images/beagle_110.jpg,Beagle,8,3da4b0585dac95653a2dbf292ef840461b7ae5c57c6fd859969e83b89c6a1534
beagle_111,images/beagle_111.jpg,Beagle,8,c77c08694c68e3711eb7157e7697f8501a61d2fb326aebcaaaf509ccddb50d74
beagle_112,images/beagle_112.jpg,Beagle,8,7e8f59b50444ce3684f057373e59bc80c6445fb5a1182e1b900220132674464e
beagle_113,images/beagle_113.jpg,Beagle,8,6d6c103c3e08158b9340a8bff3b0df7caf5efbbeeb3a9cf594becf9e68687e5c
beagle_114,images/beagle_114.jpg,Beagle,8,9a310bc72862c852df3a255fa0b4632d25347800cfe225dd685be8e4b57b3a55
beagle_115,images/beagle_115.jpg,Beagle,8,02addf017935c47dc6c4be86d50c8d3af8f1117ca75fc50a83fa754c27771523
beagle_116,images/beagle_116.jpg,Beagle,8,7872a4f2e58bb93a594c428317120e0eab5e896daf2d3039d9a473031d5d80ca
beagle_119,images/beagle_119.jpg,Beagle,8,6eef2bba243e25c6f075c24dfc078e88f5403fd1fd78c8439e417e17f60f779b
beagle_12,images/beagle_12.jpg,Beagle,8,9bd81cfbed968327e3d2bf1f7cc70abc444659551b45411272a0a970fdeb1a0b
beagle_121,images/beagle_121.jpg,Beagle,8,e23d4d442f75860ea42779b72a91a4bbe59276740c06dbf9fc4d205f8673f38d
beagle_122,images/beagle_122.jpg,Beagle,8,230ab5057e128c975fb5495dee440f70743cac7782c270d126cf8335ad7efca2
beagle_123,images/beagle_123.jpg,Beagle,8,a4f601558a1f7b1328942672e51ce2504686e15379faaf35a365fa765d4e69b2
beagle_125,images/beagle_125.jpg,Beagle,8,4ae3ddfa90df1e471af945ad2b7927eb29a6aaa007b53f5f71438327f286e04e
beagle_126,images/beagle_126.jpg,Beagle,8,a93d9b8eb9c9d945ceb0213b55056d983cb5a7d03f4d4d94fc340a84a0f185e3
beagle_129,images/beagle_129.jpg,Beagle,8,4843ed54ccc876f1f97bf8027eb68880ea4cb64b6040f78fe010af9ad3c112af
beagle_13,images/beagle_13.jpg,Beagle,8,4484eddaa1662efb1f4e2c46ea17749ea7799c3caa6adf49cc9c322ac0753afa
beagle_131,images/beagle_131.jpg,Beagle,8,8e75ec6e69054192514105b3cfa573e4ba2d728dfddc95ccc4337823adc717ed
beagle_133,images/beagle_133.jpg,Beagle,8,8ceb6cd0184b69e79c8ba08112286eafb34cc8c9092be6dada4fdf2c9234eb3e
beagle_134,images/beagle_134.jpg,Beagle,8,1d92e1c80851ca8b365271ee5ac489dc3e11876353a8a56af8ee04007daa6aa6
beagle_135,images/beagle_135.jpg,Beagle,8,8a9960265d9c72038036e2b69cb6d7efe74ec14b7a8bf4d8c1e3924aeb939c10
beagle_136,images/beagle_136.jpg,Beagle,8,5ce02d3c261e7bd35141884ebed3b1faef4312ea01452cff3c5bbf8c842d4e53
beagle_138,images/beagle_138.jpg,Beagle,8,519681552060fc36c374b3b03a97c5d6099cd2fdaf58bee91acb8509246cf482
beagle_139,images/beagle_139.jpg,Beagle,8,e6824665e757b7e710f011d82348187792579a040499c52f99cc56b9680ac2db
beagle_14,images/beagle_14.jpg,Beagle,8,06fac8bb5d21bdc87797b1f1988832c109f1f322ac58a4ff4f358f64e423d0a1
beagle_140,images/beagle_140.jpg,Beagle,8,b4a488daa96121dc6d203d8133964c568512b61b1b5d9ae62e62be113a8d4a0e
beagle_142,images/beagle_142.jpg,Beagle,8,c62b357a0600a6d80f7c2fc78aa93d68eeec07c31b999ac5ef6bebad368cb439
beagle_143,images/beagle_143.jpg,Beagle,8,c0116e4a266fde681ae14d79030cd53c9a80c4f17793979660fb9f46c12afe58
beagle_144,images/beagle_144.jpg,Beagle,8,3a0f0d59743c2601b3a806de76b819ac56eefcf285987879c6440fb94700dab9
beagle_145,images/beagle_145.jpg,Beagle,8,1f19ab5ab044bec9060bdc1f2d76c7dc3bab238480cf8fa11a0689cbb26d86c7
beagle_146,images/beagle_146.jpg,Beagle,8,1a3ac9f707a09f3038bc3dc5293630641cd6232cb9ccb6bcd639317a53775ca1
beagle_148,images/beagle_148.jpg,Beagle,8,3a217720dc21651245fb76ca1506f624bd9cf43ea8b038e8d947818d05dcd2ed
beagle_149,images/beagle_149.jpg,Beagle,8,de027a5d5ac93949709144cafe8aea6c5af6a1aba66dc6957a05f92e9541767d
beagle_15,images/beagle_15.jpg,Beagle,8,6171993c8a241e234afb3ecedf7964df2bcd50d9b866579546554ca8726f13c7
beagle_150,images/beagle_150.jpg,Beagle,8,13f3f9d3fb6fab986c045292625861bb5d58b7fe6d4e17bc4805c30aa10767df
beagle_151,images/beagle_151.jpg,Beagle,8,9ca17ec99990c76bc35a77df57c26096c226f6b2c00c3689f587fdd8933c2734
beagle_154,images/beagle_154.jpg,Beagle,8,fefa6e19464c19ea787cac6c897d835d807815ac4815de6f84853909ab33f2d6
beagle_157,images/beagle_157.jpg,Beagle,8,0e0b62cfdee32cd2054d02ab6d6428b721eaea55961a19f08b161a5e58e974b3
beagle_16,images/beagle_16.jpg,Beagle,8,02ba706b33d81691c9bc463a07a58e7fb2d1818c811db00dd435fbc7e894bf5d
beagle_160,images/beagle_160.jpg,Beagle,8,7cafb388ff29125f3aa90856102e4e055216f62d1c6e221c547339d8a691ba5f
beagle_162,images/beagle_162.jpg,Beagle,8,37651e178e2df1f8d439711f007127887aca1446fe4b34f396b03266c475d402
beagle_163,images/beagle_163.jpg,Beagle,8,5dcc85bed6f8f42ae21b06a20767f5f2136437eadb50b64111ea267f5b9e3dd0
beagle_164,images/beagle_164.jpg,Beagle,8,2a2932f9b1b05f08689c74f6444bd57b508bbc70f80095a65a3dd62c4652a48c
beagle_165,images/beagle_165.jpg,Beagle,8,74cda6308fd4af53fb5841712fb9b0f95468cc7703598e25972cb0d4a8b7e675
beagle_166,images/beagle_166.jpg,Beagle,8,2e414037ccba460a6d9bf0d89b343e6ede4ea8c8132dc60496d69f4f25e603e9
beagle_167,images/beagle_167.jpg,Beagle,8,76db37d39e2ea8a0748345212d201ee9b59bb525529e787e3895870842d79f89
beagle_169,images/beagle_169.jpg,Beagle,8,1e4b75b8e2f3e55bcc65adec81030573afe592d6f993a92c8e217a58fd949b80
beagle_170,images/beagle_170.jpg,Beagle,8,902e422dc0ee7f83b93aa8108118600db376824c9b69e150085a15dd4f4a26ca
beagle_171,images/beagle_171.jpg,Beagle,8,318a92f5e428af71aa366e04f029c038db6b1ac998f182fe3487689de3e370f8
beagle_172,images/beagle_172.jpg,Beagle,8,db954da6c7bebd82f80e25266b5f4b41198dd25a97d2ccc1fc12fc1908e10d0e
beagle_173,images/beagle_173.jpg,Beagle,8,5357af952712c776ad64bc6238dd8c743a1286ddc3a6b402c50e7f8dd567c9b8
beagle_175,images/beagle_175.jpg,Beagle,8,17d2c03217e46283ef95c81fd6fbe2b859c17636d30f103d583b1a667beab3a1
beagle_177,images/beagle_177.jpg,Beagle,8,d346fcee15fe908529a145ac82278c7d6abfaef89a115357096458a671fb90bd
beagle_179,images/beagle_179.jpg,Beagle,8,f389f146295db5afca74d07313945a7ce7aa9692e2060ae7ee67c24dc2ea133e
beagle_180,images/beagle_180.jpg,Beagle,8,e7ed74fcabc632bd77d56c2abad758b0765abf3000f6415549844ab8eb3060a4
beagle_182,images/beagle_182.jpg,Beagle,8,4f338df08bb92b7721eea1f6aa15d00c0e5e8ea22b316cc9ea31bef30f9a30f8
beagle_185,images/beagle_185.jpg,Beagle,8,1c0e0bc652c43658c9cc97911f8b6a88cdbb10bdc6526ec59950ee17fd34fbed
beagle_186,images/beagle_186.jpg,Beagle,8,f4ee6e49fea6090ae547c663ae7083f76e883e2a7a6b6d350865bc05af3a2957
beagle_187,images/beagle_187.jpg,Beagle,8,d70147fa1c8585354406e96eef8c70445b4fd642e0252585142c7755bcd67cce
beagle_188,images/beagle_188.jpg,Beagle,8,d24cfdc4bdf5aacdfdde79b3932a22725ffb057bd924b72517dd81b3a07f66a8
beagle_189,images/beagle_189.jpg,Beagle,8,98eb0f938f07dd7d7825707dab7a0f33474eb853de477c5fc90de10607844af5
beagle_19,images/beagle_19.jpg,Beagle,8,f343e8db9a26ae4d4ba6ce289baf0a4dfbdd0c191d783afe49a6971ddd165b88
beagle_190,images/beagle_190.jpg,Beagle,8,355a996c5aced3be33d089a58676cb6dd36c63dcd09df5937c88326386cdb0ff
beagle_191,images/beagle_191.jpg,Beagle,8,7e69da32aad313b799b88441e953a4907a7e769812605800fd851307dc8fc7b2
beagle_192,images/beagle_192.jpg,Beagle,8,4d6d485c2754c3633900f8cdb5a5168588148bd81b48149c1a9c1a808d5b2773
beagle_193,images/beagle_193.jpg,Beagle,8,cd3c96276eaac4fd8181f8fd261295bfc85ec2475a8e7594111102ef6a7ef62f
beagle_194,images/beagle_194.jpg,Beagle,8,719a3c57f2b505b0bebaebdb17729c46740381d555622a6bae697faa449d1026
beagle_197,images/beagle_197.jpg,Beagle,8,33a02e41bbab3993032d42a29bf36007295584cfac2c040dbf4aa32f375bff63
beagle_198,images/beagle_198.jpg,Beagle,8,69a57fa62e1ed494d92d26c374f9679b3edd00f96e231ed31f8a9698660fa994
beagle_199,images/beagle_199.jpg,Beagle,8,a42956a81013c25df5fb8bd45d9d35f8b45b5501e871224d9bad51213e888445
beagle_2,images/beagle_2.jpg,Beagle,8,cf8ebe7d23b9124a5dbe29d463c98bcb21c6d67d7a72c02d1d051d43bb4044b2
beagle_20,images/beagle_20.jpg,Beagle,8,da858b20fcd91b324d7f23d157bda46a4a656b375efecb49589c001d47164d8a
beagle_201,images/beagle_201.jpg,Beagle,8,e50258784a176813cfefaf7c4b55723beaf693ffd05056eb80f9a6ddbdef0cee
beagle_204,images/beagle_204.jpg,Beagle,8,eec8afeef0ca5b99ccb1c139456c6325c0f8502efcdade9bc9cc3d9e2547101f
beagle_21,images/beagle_21.jpg,Beagle,8,f429c3c3b46809254e38ad96db0b11a3913313e7951547346ebf165163114d10
beagle_22,images/beagle_22.jpg,Beagle,8,8ab72be52480f80f3da3378e110586c4f19259158365fdd0eeef60603e72044b
beagle_23,images/beagle_23.jpg,Beagle,8,c16a5e6c770abba8514eb77fceadada2e06ce8504f7d324f88486349054bad28
beagle_25,images/beagle_25.jpg,Beagle,8,42ea1f32aab454cfa4c4ef8e101dbf10a01626afd3554c3d9bbca4de8834af11
beagle_26,images/beagle_26.jpg,Beagle,8,0b47f65528144bdd3dba0272bc1e7e55c2c5921399eed7fb1ba9fa066be62472
beagle_27,images/beagle_27.jpg,Beagle,8,7500eaa4c5c0fda799474012c1e410ae5d9f3e92da461a0edac42a39f267c2b1
beagle_28,images/beagle_28.jpg,Beagle,8,fed80166757c1881ad3b6116c9b90864346250343bafcf8addf988e0498c6187
beagle_29,images/beagle_29.jpg,Beagle,8,bb69cca94b4e1e4cf8cd452ac4ab6390f6e439c1766922277fa52601ed36fd9e
beagle_3,images/beagle_3.jpg,Beagle,8,158e12bbb64b4b1e4e66654b2bfc6d500d2169de03845f90eb485aeeab0b26db
beagle_31,images/beagle_31.jpg,Beagle,8,9262f0b7df8d15b0f402f1b2331553732c36cfa81a0ba7aa8e743770d71d0a30
beagle_35,images/beagle_35.jpg,Beagle,8,1d47afdee71bc24e349e843ed3aa4657dde9a6089f7cd737913bca0396bb4628
beagle_37,images/beagle_37.jpg,Beagle,8,013b8f21e66e22bd1cb327072675069e05ff5a4cb46c73199fb529212d728d48
beagle_38,images/beagle_38.jpg,Beagle,8,8681a525819066baf60acc2cc09dc7fe24bfe5b89c1c3c98817656c606dcc23d
beagle_39,images/beagle_39.jpg,Beagle,8,cd0adda2b2bc5b3737905411649965d4cf3318c0289557ab5eb9c594e4f58f4a
beagle_42,images/beagle_42.jpg,Beagle,8,aeb891228fcc9342b2fd2ebd56046571bfbf3e2cdd5a2298be89cd1565774e45
beagle_43,images/beagle_43.jpg,Beagle,8,3eee3d216085e06020c094cb3427d5e1d352539f47dab5cbc2edecf437c4e4a7
beagle_45,images/beagle_45.jpg,Beagle,8,78cae4cf5b39f80d8ea790d06c15005cad3650eeea2eefb33867a119843b8f01
beagle_46,images/beagle_46.jpg,Beagle,8,d0754e439019e4e6b0a7e08deac79ce4ef0c4d47b21e1d3f5aedf376c1701f89
beagle_47,images/beagle_47.jpg,Beagle,8,7cef2cbfab4ea69dec103e569383d55657f388f1279f3a06b6f82a532b528dfd
beagle_50,images/beagle_50.jpg,Beagle,8,9601b582f4fb55568ba46a91d8a6a74b8ba3309a5c8765641dc80bb9a845d639
beagle_52,images/beagle_52.jpg,Beagle,8,114e6b08fcd27ea5bdba2967f144add8fa372eeace65519fcadd10d5262299ff
beagle_53,images/beagle_53.jpg,Beagle,8,4abea333907fed1b9594c443ac1d5e471210c2db97bc03c0daa7721c030eef92
beagle_54,images/beagle_54.jpg,Beagle,8,1f4037aea9439a432f79f4118ea22935716eaa38a1354bbd21a38d6cb64d6806
beagle_55,images/beagle_55.jpg,Beagle,8,154ad0568af7afba979375c60d871e66931f4d7dcfeac6209a7de3c242d81741
beagle_56,images/beagle_56.jpg,Beagle,8,0ac361e45316ea1baabe4610ac4d79323631f2ecb46381c71159ef70c0a7718d
beagle_57,images/beagle_57.jpg,Beagle,8,2ac6627a0c1e8a6c67a7fb61a396b87de25f74e7ad354a079e25646250e93591
beagle_58,images/beagle_58.jpg,Beagle,8,8a7c44194e1faa2987624ddc0b98cb646c4c86111104bea6b4594ef0238ef302
beagle_6,images/beagle_6.jpg,Beagle,8,eef43d29f9e449b9fa8be2c41749ca43b787ed5f6814f18b80ae48ac93571fcb
beagle_60,images/beagle_60.jpg,Beagle,8,92262acb167769cf776110928fdd38929842ae06be15683012aca07fea8fbcf3
beagle_63,images/beagle_63.jpg,Beagle,8,7391696a3169b69cdb9c7b82567f7d6323809aab0342004fc4b096d83ad8e4c0
beagle_64,images/beagle_64.jpg,Beagle,8,37c356a1ac1b876558a0328c68d5e23f7fb229a43693a190c06c4a78f54893cb
beagle_65,images/beagle_65.jpg,Beagle,8,df957acb2458f797f0beb366c05b37b2f1cb77b2b3e75ca75a422457e55ee4a3
beagle_67,images/beagle_67.jpg,Beagle,8,e5faec982922c80b614e033433e6e68c9176f4f88a607f605e05ed1ec188157a
beagle_68,images/beagle_68.jpg,Beagle,8,968c3dfdcb4845d35fae7cddea2680e8937fcacc51f9419a25c8a2beea5abd4c
beagle_69,images/beagle_69.jpg,Beagle,8,6153ce64fa259b0b7e8ee5dbff04af9cdc96c7f4bc7cb570fb370784a1435f64
beagle_7,images/beagle_7.jpg,Beagle,8,a6f5afe94c47a0118dcc23634496a82787a3078df521a04dbdf44edcfc944b65
beagle_70,images/beagle_70.jpg,Beagle,8,45ed940412bbedaf1642cdb9afcfa1b66c6bd52e8031fe5fa977207b09e51da8
beagle_71,images/beagle_71.jpg,Beagle,8,83603a98cc4f86e715dc677a5da123b6cbae8d4d3b8e246b438d0d84d39bc526
beagle_72,images/beagle_72.jpg,Beagle,8,e4d4f5b6f4a100541bd9c8cd0efa70792a5049a7b4f713db4b5abb80dbd0bdda
beagle_73,images/beagle_73.jpg,Beagle,8,3ec212efa9944df4fd1fa7b0752fe05542f477548851aa82782cde07d565bc60
beagle_74,images/beagle_74.jpg,Beagle,8,0f44c66ed5229b05950ddb515aff4ad9535e9bfabf0429f116263d3931d22427
beagle_75,images/beagle_75.jpg,Beagle,8,24c7dbedf5e579bb003bd40745210f7a2a65e5f2cd8d313a34869b6b162936ce
beagle_76,images/beagle_76.jpg,Beagle,8,3aa0b7f019b42b948597e97de665bf6cbc2eb3a6d245a8b3c17c2f0db1f8cb29
beagle_77,images/beagle_77.jpg,Beagle,8,3def461972314713ecbb212c1a5da8906e9617d07df2a818d7a7296b0917cf4b
beagle_80,images/beagle_80.jpg,Beagle,8,6aa11c14bff37fe8cdbec4d049798446b685809faeb9e30cb1e118953ef3feea
beagle_82,images/beagle_82.jpg,Beagle,8,8eda5fbb1920ab2e85b59a65f1c2e5655912e2b19d91c640f094dbb0a4acded0
beagle_84,images/beagle_84.jpg,Beagle,8,1a16ae71bd6e0e3df35f1fe6921398155fc3303ed41a88fec9d8f886143413be
beagle_85,images/beagle_85.jpg,Beagle,8,3aa25e4b82bdd662a6381930856bc0ead241086a7f239ae73a49e4703447459f
beagle_86,images/beagle_86.jpg,Beagle,8,f9db5f8d9ac1eab7590bdad86f8275fd5ae330ac9cd88258ce9631f69c1c7e2d
beagle_87,images/beagle_87.jpg,Beagle,8,de4315191deda9d0664c734f28b1f35dee12ca6a129dc3072f71ae1fdf88a61b
beagle_88,images/beagle_88.jpg,Beagle,8,02774bda8a57c12940cde0bfe8ea2eff3847a719b1fe9d257c41a412e9f74d8d
beagle_89,images/beagle_89.jpg,Beagle,8,372cc6f75bcf39d807d8fb67405966b0b85474cf897ca8d35cdb29b4e594b51c
beagle_90,images/beagle_90.jpg,Beagle,8,b4e4872484c4f8fa7d16d12f7b8ebf294a17486586b26d3a69e48e28a081839f
beagle_92,images/beagle_92.jpg,Beagle,8,f906900421be168433b3358905408b03372b1236b894101b1b4067ddbc75d6ef
beagle_93,images/beagle_93.jpg,Beagle,8,b5e0f6b0c584377e764bf7f4a6d7bc1d778d80860226fa0b258a0ed75b4931d5
beagle_96,images/beagle_96.jpg,Beagle,8,ef385969549db4f03c314deaaf9a227193d379900ac14d18a0f047ece3983179
beagle_97,images/beagle_97.jpg,Beagle,8,0729ede9ae60560e41b59b7d73d3de761a5350703ce43c9cd43139e103e0bc5c
beagle_98,images/beagle_98.jpg,Beagle,8,8eeb2bb9e726cafc8c69848597da56eb5b92391bbec2dbec45eb515190a2f681
pug_10,images/pug_10.jpg,Pug,5,9efbe9969d8d2b32472fca396b3c34426540f7f6b2dc83358749f51cd6a11788
pug_100,images/pug_100.jpg,Pug,5,5a90aa787f60a73b49076e6d21829a99efc4fd5532e7887e518892b9253bf4ba
pug_102,images/pug_102.jpg,Pug,5,6c57504d56cfaf744ffbaa145d33c146839e634d9d8d466b24e0ba4f8cac7d49
pug_103,images/pug_103.jpg,Pug,5,2ea2e58ca62981098dbaf686fda38a2488174585ba7d5fa4f8b3d24745c59909
pug_104,images/pug_104.jpg,Pug,5,cfc00f5df41e0e8489e9cde9d47d1454d33393a713a6314780eebcbb0f4b154f
pug_105,images/pug_105.jpg,Pug,5,b6149a2d0d304e9de7a63aa5755b4210396d212746d78d920e9b99f24c533a53
pug_106,images/pug_106.jpg,Pug,5,867482db14440b37159b64bcba4d6d0df984d45510cf33a2fff4957414ecff6b
pug_109,images/pug_109.jpg,Pug,5,e4d264a86cc6535890ccc82d37bc26e1b144e8ce88d213ec7ab44922795273a8
pug_11,images/pug_11.jpg,Pug,5,d3bbd72b726c9e03e3746d7b64aac4a9c884e72193d7d0c54a9a7641427b2fd7
pug_110,images/pug_110.jpg,Pug,5,a41af9e5ff6eb374d954a84995fbb7a5bdf8aac3786c8213b0e8ee019f18be1e
pug_111,images/pug_111.jpg,Pug,5,c3f7c20727ecf3d9d612ae467f6af1b262a3121146717b1ea8ad3266455d8405
pug_112,images/pug_112.jpg,Pug,5,d8e769bc2d084038aac8d4b05f7812d2e3e72abd6f9af108a94bacf62342c4b6
pug_114,images/pug_114.jpg,Pug,5,a70b427da9f92e73001dd19e6915f24f4ed73b039e1bda018824850a8ecab27e
pug_115,images/pug_115.jpg,Pug,5,2f5b548b8ea136849c123e493eae0dd04bb35e7dff14684da0c25688568215f7
pug_116,images/pug_116.jpg,Pug,5,567bb9431efd828dda7a255988e489f89763da63db2865d3d34720fa9e5eb5c3
pug_117,images/pug_117.jpg,Pug,5,0cf247debbd99fec72f88c58fac7e1ad23be62b81e08b02ed09042abc92a2401
pug_118,images/pug_118.jpg,Pug,5,be49dcb4250c5e246ee09059305b61f95f403c4254f21c833cbf37488a745d43
pug_119,images/pug_119.jpg,Pug,5,11edd3f812835fe27c56865193fe124f73a2c7f790735fb7b70870305cda36b0
pug_122,images/pug_122.jpg,Pug,5,3ab122b9870bf6802c0342080bb733b2fcfbbd01ae6d7024d939d4629b4a7aa0
pug_124,images/pug_124.jpg,Pug,5,2194a0b873b189c80b24b33afee518c9af5947fc92b18f207b88db9bf15dba9f
pug_125,images/pug_125.jpg,Pug,5,a290e21ddc59f53c3d0ad84f6f74348ab5b766afcf9795864133575c54d6910f
pug_129,images/pug_129.jpg,Pug,5,11316106af26212362b8153e499eac4272a5da190af67a9532a61555a5cc9a3d
pug_131,images/pug_131.jpg,Pug,5,46fe910d416532753f00ad50b12e2e962baac9cc61d20ec00115e8c34f525d74
pug_132,images/pug_132.jpg,Pug,5,3c739487400bd0a0c945a283e425f5b6ed32682bead70aabd53876b55c539ff2
pug_133,images/pug_133.jpg,Pug,5,723902cd21c4624a1af747bef12bfc8e2fdc288d13293b65ccc12ba70a7e8673
pug_134,images/pug_134.jpg,Pug,5,29205813ce86cdc6df699c713030f4ad31bb2638b1eb56398945a63ad05ae81a
pug_137,images/pug_137.jpg,Pug,5,c6af09c96ac6f4e258bc44e87abd91ce557cd1ca437e0e33c16ded7dd03f9b86
pug_138,images/pug_138.jpg,Pug,5,059cb97cf00fa9867495a2b0948e2e6826f11013f4a19a50d778fe984ccc4feb
pug_139,images/pug_139.jpg,Pug,5,d564534000d5d52ced7a3cafc87f1ec377ba433cd31f4011184762589b0f3d3f
pug_140,images/pug_140.jpg,Pug,5,e6599b18a41e52d9dd9743d37ba31cfb53c1095c1bc51fdd913b111c92994654
pug_142,images/pug_142.jpg,Pug,5,7ada342a03ab4b2be7c02c006aa93a8d7799df671482b03a93db06ab99d5bdd5
pug_145,images/pug_145.jpg,Pug,5,94c484d8d62b057d8afad62456d41a26a36b515ff4ff8d1fec230c66ece80872
pug_146,images/pug_146.jpg,Pug,5,963bf72cced6f213590756540491d1446d657fb54c5dac53ba800ccd0e5584e1
pug_149,images/pug_149.jpg,Pug,5,38d851cf9933ebd006256b0213b32de1e98fe8e019c8fa7018cbf78f4a628083
pug_15,images/pug_15.jpg,Pug,5,fa6991193c5c39f338485bfc01b6d9bad334d70a178127a8c27adefe9cea2a8a
pug_150,images/pug_150.jpg,Pug,5,596b28844da0ccec2298f582d912e72d60a1077b70a94602aacb6e7800e75067
pug_154,images/pug_154.jpg,Pug,5,fc750b8fb5c020d53a0f47339c0275f50a2ad451a1bc1b1bd22beb3e1159bf6f
pug_157,images/pug_157.jpg,Pug,5,fe167163bcc6c685c6f13239c8818d05b3e79614b7ee6e1ab10608916259d178
pug_158,images/pug_158.jpg,Pug,5,eaa77b7817e3bea03b60e1785ef8145c5c4527ec7616739d431cbc4aa69ea9cc
pug_159,images/pug_159.jpg,Pug,5,736b18332cfa228bb4f1d9c6037c2f38221d7a6271658e81e12bef8a3c521f57
pug_160,images/pug_160.jpg,Pug,5,b9e2944a87aa1cc00d835777ac9cd48a6fe701854608312fb24b8d9734259311
pug_161,images/pug_161.jpg,Pug,5,75cc7415806022131b072d65e09f8248bb40eb649b1824226019ddc0753dc3f5
pug_163,images/pug_163.jpg,Pug,5,f96573cc8bffbbe6be3c4ccf81084e2c9437ce061416ca1e4c6ac925d2e44401
pug_166,images/pug_166.jpg,Pug,5,117419e9e1ba8580880da0674eff445ad12f4633e9e0ce08a79ac401a21f8f78
pug_169,images/pug_169.jpg,Pug,5,7c6bcd1b20db1e84d7395a1b07c8e9a3ef02d0bd53a611ae320eb3cdf0676fa9
pug_17,images/pug_17.jpg,Pug,5,30b74d7bdbe9591354c40be8a1b8faaf722250890cdd88b6e9770dc300598269
pug_170,images/pug_170.jpg,Pug,5,6adbded8dada10a7b69090f1e2947532c4d776f632b368f90498edb792374bea
pug_171,images/pug_171.jpg,Pug,5,8b6793ad073de6d6d6cfc4bcf0f6614aa15c262a9d23a6b845235de48229cbd1
pug_172,images/pug_172.jpg,Pug,5,75d89591a1435ce6772ca4aadc5c74ae55fae53d160b5d52601568de3bac884e
pug_174,images/pug_174.jpg,Pug,5,d5b9af278810175a447906ccb466fa7696685372b1eda7366b83a9cadab31d82
pug_175,images/pug_175.jpg,Pug,5,699d47cd4be59e50524d03db695b1cf254fa19efb497897cd2c120ed5f373e61
pug_176,images/pug_176.jpg,Pug,5,4bc0e7ed1690bcedd91839f815ec9d5793ff5a28f13bab6acd0827f57fd93064
pug_179,images/pug_179.jpg,Pug,5,0683fb6d9cee3db3ca0961c69153d8a0709209e60ad7441ef5081a36e08fb1ab
pug_18,images/pug_18.jpg,Pug,5,8a8626f7edf17363a773db07905a7fbe81203f603c22a70018ec6dca71bcb61a
pug_180,images/pug_180.jpg,Pug,5,a7ae8a1a5f9a68622633ce52e5c9f561f6dbccd41b2d372d72d4bc1f5b0e462b
pug_181,images/pug_181.jpg,Pug,5,eca054dc0508fe434f497fc76ec964430a49355a8bee3eebc824ab8c984c5db1
pug_182,images/pug_182.jpg,Pug,5,8f351a3ecbda7eec1a4c309233fc2710191e2ee9be5502d52634f673b56a0519
pug_183,images/pug_183.jpg,Pug,5,6bc5b8d18d037bff2d19606b317b05547f0da4bd0c4d8fef8e54f92c24f0707b
pug_184,images/pug_184.jpg,Pug,5,bc64555a0f038362045fab0f11faba71dfc67001c36c3fca35a617aac404c5cf
pug_185,images/pug_185.jpg,Pug,5,580ac653f798b8ed3d8673d711c3f2af765ce341f373c9af7330d9495ccd709e
pug_186,images/pug_186.jpg,Pug,5,002955338cf4eaf9fae265c24e52060241932d5f6674b6d3aadc048c562ee494
pug_188,images/pug_188.jpg,Pug,5,93657c6720529f53c525dbb963e18dff0fe528d26926fa32a51995fe498b30b2
pug_189,images/pug_189.jpg,Pug,5,17a4b3103acdcd264a1f4492b43f2745b6fb80003140b6dafef16514eedcea25
pug_19,images/pug_19.jpg,Pug,5,dc758a35f318e2f2d8cc3d1286e877bd58364566e670b50dff601a1006536c7f
pug_190,images/pug_190.jpg,Pug,5,85b642fc18aa55f4a9f9c6177ee161dbbea006dafb7941dd033658a0c0f45e8c
pug_191,images/pug_191.jpg,Pug,5,7008201d42efba41033982c6686b52e8224c81d3e4e0c5cf1e9e9e3e9dc7bed8
pug_192,images/pug_192.jpg,Pug,5,9bb123034e7953b4cb6c362c8ef9d213286f901078923579422ad23942052aa9
pug_193,images/pug_193.jpg,Pug,5,0b6aa16b2e9a7860af9dde581a802569df454ca4435f9fcd88431beca9398c10
pug_194,images/pug_194.jpg,Pug,5,2aece8735763dac82e36448c7dc7e73f2d9dbe3bb2277f812e34b52afcae5c8c
pug_197,images/pug_197.jpg,Pug,5,d0d084c9d595b9d9a20a41a75a568da3c581820b6b6a77e58aa8f47c52caf3bb
pug_198,images/pug_198.jpg,Pug,5,d2678c2282f17c9ebf01f453ea31336943c14f2229c3c086502986a8026b92a2
pug_199,images/pug_199.jpg,Pug,5,f7199a94422d44c3b1a3ce96ed33e82f9256633eefa0523f621feacdd0db4714
pug_2,images/pug_2.jpg,Pug,5,46a3506297c51756ee6e555b9a652adbaf98b4bed1640d35f0fb65cd2798f1c8
pug_20,images/pug_20.jpg,Pug,5,e5b3fd1d45f0c044c5477d8ee892631dde9f804c7000050561f0ac686419130c
pug_201,images/pug_201.jpg,Pug,5,631e789319c4dcfdbbf358684a373de7f716bbb31d1f65570bbba22f65072113
pug_202,images/pug_202.jpg,Pug,5,9369c2946fb89c0ed620ff64da1c584af9ef9d827a1226fb189488323843d540
pug_203,images/pug_203.jpg,Pug,5,e5925d30e700ad3631bc66ae2769bde880fd039ed101f31284569a726ca8f2e3
pug_21,images/pug_21.jpg,Pug,5,588f14a552ca99672519df447ffcbe89fb77658eb17d277ad6f75fe954da667c
pug_22,images/pug_22.jpg,Pug,5,8cfef2a8c0091550e947f92218d271d9fb1f8818f4f3b8126ecf58dcfa9cacd9
pug_23,images/pug_23.jpg,Pug,5,56e50b4d16a0373643732723e8036a299c2141e10237c8d633dd008446a904ba
pug_25,images/pug_25.jpg,Pug,5,1c6c4c23009d1b649b7515889ddcf1828f4f02341e3d5bcd3a9554d5a82461b8
pug_26,images/pug_26.jpg,Pug,5,244e279d39eae6ffdcc264d9034df9bc8e21e074492e1a08cf069fbb5eac725e
pug_27,images/pug_27.jpg,Pug,5,4848c72f9ac31a79c2967e8e8bcc0e21b806a0cc4be0254ec257cd9a9ce81a1d
pug_28,images/pug_28.jpg,Pug,5,4cc30c469ae4c95fa519b4bfafd0f163bd7aa46b0f2b970668cfda5548bbe472
pug_29,images/pug_29.jpg,Pug,5,67e25198e41375d3dc176dc73aba111b4dbca9859be8301565d56b27d36219fd
pug_30,images/pug_30.jpg,Pug,5,2db26ca185783a8d7145a4e54a3cbb4bb267035d562b5a4f03742f0c933dcf02
pug_31,images/pug_31.jpg,Pug,5,130082100e7e07ed3b7a2f0f5df71e8553e4587134cd3c05e831fc95183edd72
pug_33,images/pug_33.jpg,Pug,5,2c9135bf73bfa82ea64416c78a13b4dca8eb837c6c2000e93a1ca0244b4494c0
pug_34,images/pug_34.jpg,Pug,5,5a3dcc33d5c2b7801ccb679a62abbce912d01c5e0ac2b3244f4ceedf8e01f044
pug_35,images/pug_35.jpg,Pug,5,10a641f27c5d788d6a7ef6ad2cb1019ec14dacd6154797a5a4c8a4995e0ec669
pug_38,images/pug_38.jpg,Pug,5,83fff9f997eef453f525729316d65e51774bcff1f12c58100f968c237e91f7ad
pug_39,images/pug_39.jpg,Pug,5,cec0daf762ba7557c343dc0cf28d7607e4da547bce49b530a3cd8f92378e10aa
pug_4,images/pug_4.jpg,Pug,5,82f0649c078541d7a3d0bc1607cb55b433093c6588d54a1ab7f7c450d96e078e
pug_40,images/pug_40.jpg,Pug,5,2510533f30733b6364f09b95cea8a1d721ac18409933c7c4c4302db7145c41cd
pug_41,images/pug_41.jpg,Pug,5,4b08df80a8ed4e9c85499f9c1bc16c4371730ca00fcb70dc48790f27049a71de
pug_42,images/pug_42.jpg,Pug,5,8c3a849238ed5bf941707a3b3f18ef52d1401a1a379c2c12b03c7ef3cc35b324
pug_45,images/pug_45.jpg,Pug,5,d8af68d1a676e8fd97af5beac04b150b7a1052d8b30ffe432cc8fe7468633308
pug_46,images/pug_46.jpg,Pug,5,dbcf567f1a09f3b6f67f27b102cbede09669eb8fc5e707efa1f0de4783de5207
pug_47,images/pug_47.jpg,Pug,5,a7f40cb6e87953a414a4b26df039aef5332a20a4908061179d66b3931aa36dcd
pug_48,images/pug_48.jpg,Pug,5,c1db075a8e030479b46a6e7b2dcf28cc7bc77365e02c0d99509a4de3cd9229f1
pug_49,images/pug_49.jpg,Pug,5,ea4308ada20fd4c334cd185295e1e3c46990a05deee7e26e95dbdf0e9d2bf9db
pug_5,images/pug_5.jpg,Pug,5,b61ff98b5181c6e8034ce221012d06fbb86d71706e4827b09263f2042f571314
pug_51,images/pug_51.jpg,Pug,5,ca890377cecfe35a34d3da988569f263db17f5dd1ce378d5cd05935e87a96344
pug_52,images/pug_52.jpg,Pug,5,d13ab57a04339b4426f183d189f59d74c9bd19047b735beb06b1e792c307826e
pug_53,images/pug_53.jpg,Pug,5,ceca126e9fec965f3a0bb4918e89a02d91488e79d7e434c109079ea7156e393c
pug_54,images/pug_54.jpg,Pug,5,689be53b8954fe0f822d3705df78a3a856c39ba04cf83869ad1002933e723c70
pug_55,images/pug_55.jpg,Pug,5,98c3f372e08801f78f340a0217d092c454a79ea4d8ba4f376d72b01a4d60445b
pug_56,images/pug_56.jpg,Pug,5,7daedfecdd258d0dd7f94cab28c089a5f2e9e5d9a0ee866d8492117a6f4347c2
pug_57,images/pug_57.jpg,Pug,5,e4e8f071769c996ca09666479b4394fd7bdea9b26a1a27b75cb92840b3e910aa
pug_58,images/pug_58.jpg,Pug,5,af851f8839f552c6b07d78d2e6ad34f49be66561eceba9031faa06ea4ee6a28b
pug_59,images/pug_59.jpg,Pug,5,7d72e3d4367fb7387c34191c06b9d7f0f02d182da49855f8c80fdd6a53d01b15
pug_6,images/pug_6.jpg,Pug,5,baa379bb26d402c566a2e63aeae52f6545722f3262d0e215c5de8c8fb1e54dec
pug_60,images/pug_60.jpg,Pug,5,5aae94d63948cca6aa1353e7e19025f451b4a28444429fa4ddf15f2a6946ad33
pug_61,images/pug_61.jpg,Pug,5,810f0dbdd670f582a2acf68520e2ea880447c7b927c487ceb40ce36183ef3846
pug_62,images/pug_62.jpg,Pug,5,09276e64d3ba3c16fd287839d692b5998e31f2868d852e4dd9e34f6fbb8c4a1d
pug_63,images/pug_63.jpg,Pug,5,65ed3b1851a766e2c43de05a344d1b4dcc6af94bfd27ff5f556f809767f4ba48
pug_65,images/pug_65.jpg,Pug,5,165f233ab38473b510f630f3fa588c49abcddd31fb68af3292a56aa53e4677e7
pug_66,images/pug_66.jpg,Pug,5,e5a64906b44f995484997d6c161b9b3b96eacb2ed3863912364a6ce6d5da4bd5
pug_67,images/pug_67.jpg,Pug,5,59176859773a7fd110745c0657689b70fde4522effa028e5a8e3931255064086
pug_69,images/pug_69.jpg,Pug,5,90d52cf0a47efb2f97ab4827109bbab2d677ff1a628b3f62353ca3ddb6127757
pug_7,images/pug_7.jpg,Pug,5,a6df9721defb3a3e3e4985b6b70705a203e3c499924862ba2973f918e908c779
pug_71,images/pug_71.jpg,Pug,5,288b1652894675c3f2bde8b030f42f8f29243b959858ed84fa62a578a132e58c
pug_76,images/pug_76.jpg,Pug,5,3c083bbfc8aea49a02a489c96fd531cc1c6ff89e4d2d48d6ecc30436c9df459e
pug_77,images/pug_77.jpg,Pug,5,64ed65be69caf459b390575fbb483bb3af4a0fd3569a8ec8a7244d421415e94e
pug_78,images/pug_78.jpg,Pug,5,db93a223f731ffc707d22428ea0f5b8dd37a7aaddaa03ffb3b04491f4599f39d
pug_79,images/pug_79.jpg,Pug,5,de90460f9f2dd166d8a04ad5e0b4bbc6f1a4a836b6cfbd5bfe9f5b2946c9066c
pug_80,images/pug_80.jpg,Pug,5,5cce6fc5ff8568ea37fb3bfac6392e2488daaa2183d8631a685f7a6d04b81f5b
pug_82,images/pug_82.jpg,Pug,5,29e8760899121dae4f1975dafdbfcbcc8c69a92acd4bfc074d6203d1960c0077
pug_84,images/pug_84.jpg,Pug,5,f3e46337b0d9f345d7cf6f55ebb5f0cc2d409815536e0267f38af1397e88321f
pug_85,images/pug_85.jpg,Pug,5,fe7accfd980928111d9c9a026c05852f0ef55fc78e88568b599473ea1715c9df
pug_86,images/pug_86.jpg,Pug,5,bde80f37057cfec1f8e1904cba656791edc46cc6780f3ebbc1f104f1c0b2a05d
pug_88,images/pug_88.jpg,Pug,5,c3f92978150f93d664fdbef42f0eec9d3721c89cc4e3030d9f38370ef1a23a37
pug_89,images/pug_89.jpg,Pug,5,5dfb4f6ef460d3dec2f58d890c8d2d521e71c5c07fd1ce8b914c230e97295341
pug_9,images/pug_9.jpg,Pug,5,712f88f9ae0e3d24d81db1c0e25c610b536d048aa4397794f3323bf8d99e95bc
pug_90,images/pug_90.jpg,Pug,5,6978e998862dc8fbafbc4b70dd1ab798bbb5cadf3fbbb9cd7b2255c65555a01e
pug_92,images/pug_92.jpg,Pug,5,f13a5380a02a8512252bdb35b5fe59112baa099ae22d55a5f4124a097939bb0e
pug_95,images/pug_95.jpg,Pug,5,30eac1504b9c726f347c43413a146e69275d637da476bb3bd2860e93a0e88356
pug_97,images/pug_97.jpg,Pug,5,dde1c6041e792e5c0570bfbec1406bb0afc108b1a290a8f32e165895646e6662
pug_98,images/pug_98.jpg,Pug,5,3c6ac3effcc27fadc4943fcabb168a745b9146aa2f0cca759a3934e45b24d29a
pug_99,images/pug_99.jpg,Pug,5,820803fb2ff5e37d9bd27b65c9732bfb680cd74273ab9a1318c205ff19c7d57e
samoyed_1,images/samoyed_1.jpg,Samoyed,9,356264c9957ee2d7a3c5b67f0012c5a391abae734b90e9eda67ab05a611c67ab
samoyed_10,images/samoyed_10.jpg,Samoyed,9,32a9da0727d3a3c0bb38d64a6b8913ecdff3e8ab64b60a3b3477c02a52df33b7
samoyed_100,images/samoyed_100.jpg,Samoyed,9,f52f1d525cd499d5af2724278685cfb7adc6c25b93889b392b3e9a7d8fd04301
samoyed_102,images/samoyed_102.jpg,Samoyed,9,6db4cfdaed50141b2c2befe1696bc053c2d07574e6c4d8507c90cc91a14b0213
samoyed_103,images/samoyed_103.jpg,Samoyed,9,4c1f3c71ad8fe92291a40bcf05f78d09ea7f4cf8de7c7305e88d0439257ca2d3
samoyed_105,images/samoyed_105.jpg,Samoyed,9,6049bec5651790482e9d3beef3a18b282819e49266d2bc34c045bb1b17e9e6c0
samoyed_106,images/samoyed_106.jpg,Samoyed,9,eb42b07866f284ff18fad82c62b100f890805c42ca4606a8d2d91e407028a8d7
samoyed_109,images/samoyed_109.jpg,Samoyed,9,323746f90faa4703ab120ea2b8580b93a1cf8c60c0341c35fc897bb7b554d47e
samoyed_11,images/samoyed_11.jpg,Samoyed,9,c8e64e8c9970aaa8dbff731d8174365184f47582cc081dc46a281fc2439f6d15
samoyed_111,images/samoyed_111.jpg,Samoyed,9,221ee652c299ff634e6fbc023a0f70f9bb675dc2acd74fb0722855ba9ab9e066
samoyed_112,images/samoyed_112.jpg,Samoyed,9,f3d4bd8c9d0de57f59c2a4eefccd069ad9eca2b536333c6f22e84ac2c82db15d
samoyed_113,images/samoyed_113.jpg,Samoyed,9,e73b7d7b6a07580ff815838285b09d340d0532f4f5793c8ad7e1cb1de26bd5dc
samoyed_114,images/samoyed_114.jpg,Samoyed,9,a6b3e49e3d6bac05b3140609715e167a557418061ec5c37ef1219ca84153d852
samoyed_115,images/samoyed_115.jpg,Samoyed,9,aef5c847145d022c0c1f2e8c6924ac6e870e65d38f73aefebdb8633855728e9f
samoyed_116,images/samoyed_116.jpg,Samoyed,9,75c8e4fae1846370bb0f9c9a195a05c7c0e0469d239155e64534b74d4dab8331
samoyed_117,images/samoyed_117.jpg,Samoyed,9,81e02d0af6655bef132d54f37bbc9a894cc3c05c14ac75525b45b62f2c556188
samoyed_118,images/samoyed_118.jpg,Samoyed,9,c44c4be7f2325e354d858313241c209db850212c5289db5a82896d848020b9a8
samoyed_119,images/samoyed_119.jpg,Samoyed,9,20d0de9a828e79454c817cbbecc43800093cf5ea8c077f931f2e5d3eb8243ac0
samoyed_120,images/samoyed_120.jpg,Samoyed,9,21ccbe72e84ae4a15b0abb5de07a9b9650fe60c40456446ca63a8a097d108a8a
samoyed_123,images/samoyed_123.jpg,Samoyed,9,d5ef53e45fe30163886492f9a199cc950804cf2d8c4d44f4ff957b5efef4aaa9
samoyed_124,images/samoyed_124.jpg,Samoyed,9,09239b8c8e7274c3d6c29bb77960a63a3bacc9d33f297a8392597fe7998fc975
samoyed_125,images/samoyed_125.jpg,Samoyed,9,a8f3ab6e417ccd96f801b794a8243cffb3dd9bcb5da200a44fef915d331af62f
samoyed_128,images/samoyed_128.jpg,Samoyed,9,7e5c3a63d115a15822e5452ebba346283d32628133502cf22beb5b3d5a01de24
samoyed_13,images/samoyed_13.jpg,Samoyed,9,caf39039cc3de7c2a5e47738543b53d0c752b631c36ac5a9cdeff20b8c2e91b0
samoyed_131,images/samoyed_131.jpg,Samoyed,9,94f4175c90d9d17df858c7a7b17fe4a7dd63c03baba369472cd551136c77838f
samoyed_133,images/samoyed_133.jpg,Samoyed,9,7c3bb540aea953b5e33699cb5581ace8c760598483914539b4c2595ad55e8495
samoyed_136,images/samoyed_136.jpg,Samoyed,9,754b3524a5ca9c7c3dd69328a0c285ec5ec7468d74dbb62021656ced74150c3a
samoyed_138,images/samoyed_138.jpg,Samoyed,9,08f75f0d6e4f523b9ce0667523d07539bc3b3736436e209598edeb7e785f53ab
samoyed_139,images/samoyed_139.jpg,Samoyed,9,c845982050b8d05e4b15383a7f467e5ce6559008c0d605dbe6d169e2ec5501ed
samoyed_14,images/samoyed_14.jpg,Samoyed,9,92b5fdb12320d71ba9845dd544de436fc353ba873899762e8e8973464c939943
samoyed_142,images/samoyed_142.jpg,Samoyed,9,902abaab92a546b098e0b114598c0454a0a8c8afe7374a27b579ce1f79382bc9
samoyed_146,images/samoyed_146.jpg,Samoyed,9,df1b4928d0a93a4b0032de876e595d3fa8084f3109abd23be75d44bb562ca19c
samoyed_147,images/samoyed_147.jpg,Samoyed,9,ba39795f06b632e242fd648026c49d334574ce643d58685146e5e60c69a1d29b
samoyed_148,images/samoyed_148.jpg,Samoyed,9,6f387f25d69fb8ba2c0ccd8e075bed2ba39ce97e39716692b118a9f395f1a1df
samoyed_149,images/samoyed_149.jpg,Samoyed,9,6ce739ed20e5067eca4241cde18e9e142902e38c08b2ac7a3d0cc1492f3b8ef8
samoyed_150,images/samoyed_150.jpg,Samoyed,9,e7273e220f68f2b2d6cee28def491c54d6b0b054df1bfb9c5ef946e7b7dda670
samoyed_151,images/samoyed_151.jpg,Samoyed,9,ad7cdfe4faa8480994efd5a861bb7b106abed40657e6f0522c0be3b0b8888be5
samoyed_152,images/samoyed_152.jpg,Samoyed,9,0c453116ed581421357279e8570f9a32aba0757652c77b6d60f6d1ac84b41c02
samoyed_155,images/samoyed_155.jpg,Samoyed,9,9f64cab92b993f77aa9e0e4446908eac4a7b28469e66b15432b73be4b42008d2
samoyed_156,images/samoyed_156.jpg,Samoyed,9,b333b4772206cd89c1194b3c9b8f1da8f9a8424b8d7964e272b42621b0c046c4
samoyed_157,images/samoyed_157.jpg,Samoyed,9,7b19251841819e01ad3d6f5cd34eefa72bf288cd844a024322e88f2ebcd090c3
samoyed_158,images/samoyed_158.jpg,Samoyed,9,b0eccb3c58d8110e47f0fb6927985a08d020a5c7efeac6299112a59d3a6d5fae
samoyed_159,images/samoyed_159.jpg,Samoyed,9,f0489190720fa8519e5503f45f600c0acfee983550b0cdcb0f47f1d0ec86cd2b
samoyed_16,images/samoyed_16.jpg,Samoyed,9,1edc2943763c7e589e4d00a022f93a0103a95b7ceb797921ef2aae8bdbbb6551
samoyed_160,images/samoyed_160.jpg,Samoyed,9,63fd4d26566271775c9e37bebda8f8bb9126e1df1442ec62fb794790f6a6881d
samoyed_162,images/samoyed_162.jpg,Samoyed,9,4f97956236f37d445a99361eccf861e07dd52add4281f3b642e07d02313aa931
samoyed_163,images/samoyed_163.jpg,Samoyed,9,58f7d58e5727f2a824293a91f9e39756935bfbe5699ece1dd98022eb6ba16050
samoyed_165,images/samoyed_165.jpg,Samoyed,9,fca3c34d656f36254dbe839a714396ea31cdb85e7ea5f0ef5be52b8eb50215f9
samoyed_166,images/samoyed_166.jpg,Samoyed,9,6ea16e0a60876802d5bca62f37048c22e251674b9872b7109d18cbb6894b943c
samoyed_168,images/samoyed_168.jpg,Samoyed,9,5fe784da82b042968def0932de0ebcbaaf0b1ad3b952f238a1dfbce1b1dd83ec
samoyed_169,images/samoyed_169.jpg,Samoyed,9,01f9f41364c5caac144ad4de675b04b546c38abc7332347acd021dcf5375ab93
samoyed_17,images/samoyed_17.jpg,Samoyed,9,454d0edaa08a9422bc7ccdd1e1c0d084982d6d35d202a5c44a5c77a8a84f623a
samoyed_170,images/samoyed_170.jpg,Samoyed,9,a29e6d20637d58c111e8fab53fca2b07a7583904f1983d89cb357522200577b5
samoyed_171,images/samoyed_171.jpg,Samoyed,9,238c9cb8c24423dd29ef89b0625bbbb4b2eb34f0592051c6dfd46463af78c589
samoyed_172,images/samoyed_172.jpg,Samoyed,9,97c1fea9a1878db3a5634cab4dd0d56bb457aa16bf556cc8ab6e86578e10226c
samoyed_173,images/samoyed_173.jpg,Samoyed,9,7d4ba389940e1036d8d998c37cea219d1b469846b9ef2dcfc6bdbbd63ee38328
samoyed_174,images/samoyed_174.jpg,Samoyed,9,85f38113898106e16ad74bd1424af93bfb7abe75c020f3bb9b1abe6340f271dc
samoyed_175,images/samoyed_175.jpg,Samoyed,9,acd4a5b86497d19ab3673a03380cd20668692a46ebfe97effe540a4a0cfd0f15
samoyed_176,images/samoyed_176.jpg,Samoyed,9,4c5ad32235bd104a20d0b23e7387f4ab909566fb5afce0985714285d8d517cc5
samoyed_177,images/samoyed_177.jpg,Samoyed,9,bd4e42c80e2c26801ad7322df5d32244ca0c8d104aa262a3302e6d875bcbda0f
samoyed_178,images/samoyed_178.jpg,Samoyed,9,f320498e456d3926f79ba754a556ef293e4f89c67ae23e5cb7b59887bda29340
samoyed_179,images/samoyed_179.jpg,Samoyed,9,fb46d13a9c770d1e834f62a45b470a66fcd07dd1472f5710652f68b1d2e5898e
samoyed_180,images/samoyed_180.jpg,Samoyed,9,73cf72ccc1dc119191c268fe626f884d64ac906a3a79b901091efde05f7717c4
samoyed_182,images/samoyed_182.jpg,Samoyed,9,7ff1ed3eaf9b6f2d4a597acfca1e01e46780d5f74fa3e59ee909099196e75f0e
samoyed_184,images/samoyed_184.jpg,Samoyed,9,929c979f34534e8d1cb7bf548a3ccf08b5471232def4c49a747178c987707421
samoyed_185,images/samoyed_185.jpg,Samoyed,9,7ba59ef834105f85bc2a0c92f65ca4c4798a6539c815ccdf3628763248fe90f2
samoyed_188,images/samoyed_188.jpg,Samoyed,9,cbdc01c32490bf0f7c17d96453bfdabe7fab36ac106ea4e5a5b0f888a46dabb9
samoyed_189,images/samoyed_189.jpg,Samoyed,9,4c65ad5fe287c681a1b634c866e4329ae31b18701c4fcd2c0f2e0bfe1f79b5b7
samoyed_19,images/samoyed_19.jpg,Samoyed,9,93c159a151592bb26f6ef71f7178ca41f82a0412bccbc8cf231782a5ebd15ca5
samoyed_191,images/samoyed_191.jpg,Samoyed,9,a1f528a1a043de8da5dfd7c6959bc562a0127addbc61261b3ccc135e8b826f74
samoyed_192,images/samoyed_192.jpg,Samoyed,9,9f8dd9ab3c5fc4bfed1d1e7c5a228941c92407e554929986541f5df0989a737f
samoyed_194,images/samoyed_194.jpg,Samoyed,9,1b7f1480af57794eb5a56d23bd5d98c0ccc4f85c122793206f9294184291f3a6
samoyed_196,images/samoyed_196.jpg,Samoyed,9,bbfdb827ae8b2fc542f989d52415bb317f3c91da02e66e9754196217895d5445
samoyed_198,images/samoyed_198.jpg,Samoyed,9,1cb178fc4559928ef208983d754966272885e522efcf3a3e95ba49a3bbd25d83
samoyed_199,images/samoyed_199.jpg,Samoyed,9,16f23cc10decd178926ae197028ab68bdc82b3a359d63312c7293c155139f48b
samoyed_2,images/samoyed_2.jpg,Samoyed,9,5f77d4aa180cf6ff40460de2259b0424a0c969dcee6e8209ae52696d3a9c7fd9
samoyed_20,images/samoyed_20.jpg,Samoyed,9,8a9359b073b8c1343fabeea46b4c5da2de5ac6d39f616143e07ff674b3b9a19e
samoyed_22,images/samoyed_22.jpg,Samoyed,9,826b15ab3e8e496ccf4f01ef41506aa86aec10a592fd2f4837df52cf70d7662c
samoyed_23,images/samoyed_23.jpg,Samoyed,9,7ef4e9b54e13868457f8d20e7588eb184c78d4f17bbb2eaba3396f1cd4df4f03
samoyed_24,images/samoyed_24.jpg,Samoyed,9,7f21d80a58b938a38251ae38b6e176f8a8fd997b84a74a65892e14406e5f9739
samoyed_25,images/samoyed_25.jpg,Samoyed,9,036cc149cad88ee0d558a2ac670a928ede4e1059907f8ec53e95fb168dff9686
samoyed_26,images/samoyed_26.jpg,Samoyed,9,5557dabee25042545daf5438fc7d62528570fd98949154f8689ca90aee83f177
samoyed_28,images/samoyed_28.jpg,Samoyed,9,0071ca61eb0cd244c93c9cc7329affd106667c318f1d0e3655ce46d8ffddd0c1
samoyed_29,images/samoyed_29.jpg,Samoyed,9,1e63d74381d683cbf6cfc149aeaf746b913528b281dcf21487f25faea549c9e5
samoyed_31,images/samoyed_31.jpg,Samoyed,9,c477716726ff70e187c8ee50a02f9e9d2c1b634bea47ccf52ad1264b3d745c63
samoyed_32,images/samoyed_32.jpg,Samoyed,9,6d2dd4ccbaf45dfd3b610a95a50431288c0aff8e59b33d72b1ecf51c7f0dd0db
samoyed_33,images/samoyed_33.jpg,Samoyed,9,6658fa16e49c20928f2e65a3aa077088ed0225d5a8968ae9b0e29b970d0ce024
samoyed_34,images/samoyed_34.jpg,Samoyed,9,b108ab5f9d73019395892d9820d03ad7ab9ec5eed94286c6f60859a4f4778c32
samoyed_35,images/samoyed_35.jpg,Samoyed,9,6835fa5bdfeb18ad3dde5ca5f34b33fd2802e55e4d8a49297fc2b5b699594c7f
samoyed_36,images/samoyed_36.jpg,Samoyed,9,b6a2901dfb5f112e0d7c84e0d8cfc1a345adae14546d193847b34a09b4c09f58
samoyed_38,images/samoyed_38.jpg,Samoyed,9,dd3fadca09aa818e1ed2291bb81d2b89d696ac76a96fb07a0c9ec593d67256c4
samoyed_39,images/samoyed_39.jpg,Samoyed,9,7157ed5c9aa7ecd2a4fb05db2eace25f3621431b9bc6252d9f7fba609402ca49
samoyed_4,images/samoyed_4.jpg,Samoyed,9,40b8f52fd43dcfe342bf4925c3b0be9b9e7e1745338febffed19214204bf4058
samoyed_42,images/samoyed_42.jpg,Samoyed,9,56bad0a2f18ff3843bca6d23ba90980fa5e4405a968dacb83fd93ca1ebbd1e39
samoyed_44,images/samoyed_44.jpg,Samoyed,9,8a6a6a5a19ebcdf76019d7a6feeece55ade9267f8457fd2e56252c6fa174520d
samoyed_45,images/samoyed_45.jpg,Samoyed,9,b3b20e48894003ff570007ec9f1f7051e1974749e36c1a8040b7e92c43b4f316
samoyed_47,images/samoyed_47.jpg,Samoyed,9,eb7598b6cb4d095eb9bc5a9e4104e7d981a71004f964e9a466d25a7bd1e9409d
samoyed_48,images/samoyed_48.jpg,Samoyed,9,fd9c14ce96169b642d5d1cf22333aed50838cbf84201964a93342561660ccb64
samoyed_49,images/samoyed_49.jpg,Samoyed,9,ec8ccb25b280d6f8ede55a9780e0cdad5ce99c96ba74bceb4daa1773e53c8a6b
samoyed_5,images/samoyed_5.jpg,Samoyed,9,b2bf52b1c9a7fc15b421cf1e7c8d095060ad86c7c80d2017f5d5dac622d81e5b
samoyed_51,images/samoyed_51.jpg,Samoyed,9,0bbc3479afd415e075f780f7d474629d9727fe88ac70094d8b16c5866cc95eb6
samoyed_53,images/samoyed_53.jpg,Samoyed,9,584a6436c4529baddb7b8e69f1389802fe66239cddde7beb8f900924a622b0d5
samoyed_54,images/samoyed_54.jpg,Samoyed,9,36df0ac0481abf036d7a198f21ac36aeff0c042678e47388717752eb2577d00f
samoyed_55,images/samoyed_55.jpg,Samoyed,9,ccdb9a6575fb4a66c7e3cde12f4d0ca0550acfd97e51d6eb5cf8adf0a76bf844
samoyed_56,images/samoyed_56.jpg,Samoyed,9,c8a00187873f24aa2c6c5429baf9037f341477c3a0e3044cd9264995c371df17
samoyed_58,images/samoyed_58.jpg,Samoyed,9,f788f3466b70244d2bf1860cbce74c44c2d4fd942699809cb2c03bae7606abbf
samoyed_59,images/samoyed_59.jpg,Samoyed,9,da8eab065cbfa2cd2af4b016daf1b91d61f8b15a1f6dafbeee014b125ee902d6
samoyed_6,images/samoyed_6.jpg,Samoyed,9,fc73a793fde4f8bd0b12bd02a2df1840aeb5dd9b6cd7016a6b353f24d4d7eec5
samoyed_62,images/samoyed_62.jpg,Samoyed,9,4ef170ad011e83d4c51095cf4a9d562c9e12b40252a291ac4671eac13e9fbdc8
samoyed_63,images/samoyed_63.jpg,Samoyed,9,4e371341ca117bcc8b4999b72e65cc16f7a196baa20c2a14600b956d1ae1ed38
samoyed_64,images/samoyed_64.jpg,Samoyed,9,aafb171ef8acde7daac5d0f31bdd350d9a87b74f6d9b4bbf7c4bd344f9f59648
samoyed_65,images/samoyed_65.jpg,Samoyed,9,b60dc15c0f51c29002ddeadddce565697f7d8aa361bd72af7926852f75f95887
samoyed_66,images/samoyed_66.jpg,Samoyed,9,74ae0db5e90a5de555dd630e04474d258c44be38bab801b0b129df8c26ac3aef
samoyed_67,images/samoyed_67.jpg,Samoyed,9,98364a36c4ec977b83ccf6b0d517a8773cf533526443b64246ac132cb2be58d5
samoyed_68,images/samoyed_68.jpg,Samoyed,9,0b69b5fcc91df21829b84a8bcd1f19a547f604143dad67970502ec6123ed1549
samoyed_69,images/samoyed_69.jpg,Samoyed,9,a2e9086ddcf298c36ccb3f4e9bff9b4f9abade2130231c4f59527390d88d54e8
samoyed_7,images/samoyed_7.jpg,Samoyed,9,4bd7e19835e828cc4c2d14303553b5ee6f24930c50d9103f59b35333e67a47be
samoyed_70,images/samoyed_70.jpg,Samoyed,9,46d6880a93a45f534ef31305329e4e38bc18ed15e8aa1a093125557c497fa384
samoyed_72,images/samoyed_72.jpg,Samoyed,9,be048f90254a713216c608ba17244c610eda5cae340b1e7f214d7ba4607b92a6
samoyed_73,images/samoyed_73.jpg,Samoyed,9,0bf93e3dcfc6959fd1d680494ef7fbe69e756ef1c14ecfaf6e20ae24d09d9ee1
samoyed_74,images/samoyed_74.jpg,Samoyed,9,301b726e0b00f20c8a371fb7b13083e2d9e6f5993238e0e4874a2b24ad4864c4
samoyed_75,images/samoyed_75.jpg,Samoyed,9,3d8c6d4e0bae909840adbc3885c1f2b5fb75b3ce6286a8e5289bd0e7534ece96
samoyed_76,images/samoyed_76.jpg,Samoyed,9,4d48d356bf22f6b05747488b90f25565839ed9f28cc240b6d7a0913cce91e469
samoyed_77,images/samoyed_77.jpg,Samoyed,9,3f30c33d89ff4a0e6697b44d2bebcd630bef7f43a77179c0915da6770d6d32ef
samoyed_78,images/samoyed_78.jpg,Samoyed,9,80a3f993f10edcf25383a5b4b43498d05645eb9e8332c3d5af7f284e2a618eca
samoyed_80,images/samoyed_80.jpg,Samoyed,9,86f3aa0d46fe8166a80b38e49f4343ee828c46c08d0f28a9628acd623cf07bce
samoyed_82,images/samoyed_82.jpg,Samoyed,9,01a69c3b8927428b7f1ba42221368549e70b4e04b36a9f59b7c942760618bbb2
samoyed_83,images/samoyed_83.jpg,Samoyed,9,d5c7abc8f1794a682caf870bd5192bb43a6492c4e0d5cd029a7401dbe105a36c
samoyed_84,images/samoyed_84.jpg,Samoyed,9,f178dd263c36e406e86eef988fa3085831b5f4d494dacdb7d67f542c2ce1492d
samoyed_85,images/samoyed_85.jpg,Samoyed,9,2d8e166d83a23967fb1a596d39e59d37d45b33f2124dfcdfe1ab73a473e44e0c
samoyed_87,images/samoyed_87.jpg,Samoyed,9,4b7db043b986b895fbf6afbc13646925dd0b615bc7b2d6461c7d4aed4c6d2608
samoyed_88,images/samoyed_88.jpg,Samoyed,9,5a935b18f07dffc90e7c29f766c084279fde4f546dc0e0a80162e6f0ef6e1033
samoyed_89,images/samoyed_89.jpg,Samoyed,9,b0ae8887159c30e8db2aecb90d2726ac68070a53ef7da8e02d882c9f68665bd6
samoyed_90,images/samoyed_90.jpg,Samoyed,9,5506f2b5fbaf2927b459e73ee795df6498aaa64cbd047d80fd207113f17601a4
samoyed_91,images/samoyed_91.jpg,Samoyed,9,5a13cd351d80ff1bfd57581975844e7195f7dac9a7e0fdc3329975e4c64be17c
samoyed_93,images/samoyed_93.jpg,Samoyed,9,812ad2d185bf134a4e291b0c1af22bcbb0a27884329d0b5d1d3ddf8037763afb
samoyed_94,images/samoyed_94.jpg,Samoyed,9,fcf0023c0638ea72cb49ea9005384daac867e1c1e4477ab8b64e97dfca6b40b6
samoyed_95,images/samoyed_95.jpg,Samoyed,9,0fd009bc03fe2be1f2e1d86f9c0251b3db1ac4ea0347b4612dbe97ccac780e6f
samoyed_96,images/samoyed_96.jpg,Samoyed,9,4b7aa5e47ee84e3dd6eab7e1fee86b216af4077fd3a342506ad3fd0f591012ee
samoyed_97,images/samoyed_97.jpg,Samoyed,9,823333c6ee330072151521249757de8668172c0ed8849dca0c7bd707283b527d
